<?xml version="1.0" encoding="utf-8" ?><ROGUE><Ability><Name>Sinister Strike</Name><Default>false</Default><SpellID>1752</SpellID><Actions></Actions><Lua>if GetComboPoints(&amp;quot;player&amp;quot;, &amp;quot;target&amp;quot;) &amp;lt;= 3 then
   return true
end</Lua><RecastDelay>0</RecastDelay><Target>Target</Target></Ability><Ability><Name>Eviscerate</Name><Default>false</Default><SpellID>2098</SpellID><Actions></Actions><Lua>if GetComboPoints(&amp;quot;player&amp;quot;, &amp;quot;target&amp;quot;) == 5 
or UnitHealth(&amp;quot;target&amp;quot;) &amp;lt; UnitHealthMax(&amp;quot;player&amp;quot;)
then return true end</Lua><RecastDelay>0</RecastDelay><Target>Target</Target></Ability><Ability><Name>Revealing Strike</Name><Default>false</Default><SpellID>84617</SpellID><Actions></Actions><Lua>if GetComboPoints(&amp;quot;player&amp;quot;, &amp;quot;target&amp;quot;) == 4 then
   return true
end</Lua><RecastDelay>0</RecastDelay><Target>Target</Target></Ability><Ability><Name>Rupture</Name><Default>false</Default><SpellID>1943</SpellID><Actions></Actions><Lua>buff = { 35290, 50271, 57386, 33878, 29859, 16511 }
local armordebuff = nil

for i,v in ipairs(buff) do
 if UnitDebuffID(&amp;quot;target&amp;quot;,v) then armordebuff = 1 end
end

if armordebuff 
and UnitDebuffID(&amp;quot;target&amp;quot;,1943) == nil
and UnitBuffID(&amp;quot;player&amp;quot;,13877) == nil
and GetComboPoints(&amp;quot;player&amp;quot;, &amp;quot;target&amp;quot;) &amp;gt; 3 
then return true end</Lua><RecastDelay>0</RecastDelay><Target>Target</Target></Ability><Ability><Name>Shiv</Name><Default>false</Default><SpellID>5938</SpellID><Actions></Actions><Lua>if UnitBuffID(&amp;quot;target&amp;quot;, 8599) then
  return true
end</Lua><RecastDelay>0</RecastDelay><Target>Target</Target></Ability><Ability><Name>Slice and Dice</Name><Default>false</Default><SpellID>5171</SpellID><Actions></Actions><Lua>local _, _, _, _, _, _, sliceanddicetimer = UnitBuffID(&amp;quot;player&amp;quot;, 5171)

if sliceanddicetimer == nil then
  return true
elseif sliceanddicetimer - GetTime() &amp;lt; 2 and GetComboPoints(&amp;quot;player&amp;quot;, &amp;quot;target&amp;quot;) &amp;gt; 3 then
  return true
end</Lua><RecastDelay>0</RecastDelay><Target>Target</Target></Ability><Ability><Name>Apply Poisons</Name><Default>false</Default><SpellID>0</SpellID><Actions></Actions><Lua>if applypoison and GetTime() - applypoison &amp;gt; 3 then applypoison = nil end
if UnitAffectingCombat(&amp;quot;player&amp;quot;) == nil and applypoison == nil then

local _,poisonMH,_,_,poisonOH,_,_,poisonTR = GetWeaponEnchantInfo()
applypoison = GetTime()

if poisonMH == nil then 
  UseItemByName(&amp;quot;Instant Poison&amp;quot;,&amp;quot;player&amp;quot;) 
  if SpellIsTargeting() then PickupInventoryItem(16) end
elseif poisonOH == nil then
  UseItemByName(&amp;quot;Deadly Poison&amp;quot;,&amp;quot;player&amp;quot;) 
  if SpellIsTargeting() then PickupInventoryItem(17) end
elseif poisonTR == nil then
  UseItemByName(&amp;quot;Wound Poison&amp;quot;,&amp;quot;player&amp;quot;) 
  if SpellIsTargeting() then PickupInventoryItem(18) end
end

end</Lua><RecastDelay>0</RecastDelay><Target>Target</Target></Ability><Ability><Name>-- defensive spells --</Name><Default>false</Default><SpellID>0</SpellID><Actions></Actions><Lua>if KSmodtime == nil then KSmodtime = 0 end
if IsRightControlKeyDown() and GetTime() - KSmodtime &amp;gt; 1  then
  KSmodtime = GetTime()
  if KSdisabled then 
    KSdisabled = nil 
    print(&amp;quot;Killing Spree: \124cFF15E61CEnabled&amp;quot;)
  else 
    KSdisabled = 1 
    print(&amp;quot;Killing Spree: \124cFFE61515Disabled&amp;quot;)
  end
end

if IsAltKeyDown()
or IsMounted()
or SpellIsTargeting()
or UnitBuffID(&amp;quot;player&amp;quot;,80169)
then return true end</Lua><RecastDelay>0</RecastDelay><Target>Target</Target></Ability><Ability><Name>-- offensive spells --</Name><Default>false</Default><SpellID>0</SpellID><Actions></Actions><Lua>local buff = { 642, 45438, 31224, 23920, 33786, 19263, 97417, 97977 }
local mob = { &amp;quot;Training Dummy&amp;quot;, &amp;quot;Raider&amp;apos;s Training Dummy&amp;quot;, &amp;quot;Twisted Spirit&amp;quot;, &amp;quot;Amani´shi Hatcher&amp;quot;, &amp;quot;Hakkar&amp;apos;s Chains&amp;quot;, &amp;quot;Exposed Head of Magmaw&amp;quot; }
local noaggromobs = nil
local immunity = nil

for i,v in ipairs(buff) do
  if UnitBuffID(&amp;quot;target&amp;quot;,v) then immunity = 1 end
end

for i,v in ipairs(mob) do
  if UnitName(&amp;quot;target&amp;quot;) == v then noaggromobs = 1 end
end

if UnitIsDead(&amp;quot;target&amp;quot;)
or immunity
or UnitCanAttack(&amp;quot;player&amp;quot;,&amp;quot;target&amp;quot;) == nil
or (UnitAffectingCombat(&amp;quot;target&amp;quot;) == nil and noaggromobs == nil and UnitIsPlayer(&amp;quot;target&amp;quot;) == nil)
or tonumber(UnitGUID(&amp;quot;target&amp;quot;):sub(5,5),16) == 4
then return true end</Lua><RecastDelay>0</RecastDelay><Target>Target</Target></Ability><Ability><Name>Assist Tank</Name><Default>false</Default><SpellID>0</SpellID><Actions></Actions><Lua>if GetNumPartyMembers() &amp;gt; 0 and UnitInRaid(&amp;quot;player&amp;quot;) == nil then

local heisthetank = nil

for i = 1, GetNumPartyMembers(), 1 do
  if UnitGroupRolesAssigned(&amp;quot;party&amp;quot;..tostring(i)) == &amp;quot;TANK&amp;quot; then heisthetank = &amp;quot;party&amp;quot;..tostring(i) end
end

if heisthetank and UnitExists(&amp;quot;target&amp;quot;) == nil 
and UnitAffectingCombat(heisthetank) 
and UnitAffectingCombat(heisthetank..&amp;quot;target&amp;quot;) 
and UnitIsDead(heisthetank..&amp;quot;target&amp;quot;) == nil
and UnitCanAttack(&amp;quot;player&amp;quot;,heisthetank..&amp;quot;target&amp;quot;)
then TargetUnit(heisthetank..&amp;quot;target&amp;quot;) end

end</Lua><RecastDelay>0</RecastDelay><Target>Target</Target></Ability><Ability><Name>Killing Spree</Name><Default>false</Default><SpellID>51690</SpellID><Actions></Actions><Lua>if UnitPower(&amp;quot;player&amp;quot;) &amp;lt; 25 
and UnitBuffID(&amp;quot;player&amp;quot;,84747) 
and KSdisabled == nil
then return true end</Lua><RecastDelay>0</RecastDelay><Target>Target</Target></Ability><Ability><Name>Tricks of the Trade</Name><Default>false</Default><SpellID>0</SpellID><Actions></Actions><Lua>if UnitCanAttack(&amp;quot;player&amp;quot;,&amp;quot;target&amp;quot;) and UnitIsDead(&amp;quot;target&amp;quot;) == nil and UnitHealth(&amp;quot;target&amp;quot;) &amp;gt; UnitHealthMax(&amp;quot;player&amp;quot;) and UnitName(&amp;quot;target&amp;quot;) ~= &amp;quot;Raider&amp;apos;s Training Dummy&amp;quot; and UnitInRaid(&amp;quot;player&amp;quot;) == nil then

local InParty = GetNumPartyMembers()
if InParty &amp;gt; 0 then
  for i = 1, InParty, 1 do
  local member = &amp;quot;party&amp;quot;..tostring(i)
    if UnitGroupRolesAssigned(member) == &amp;quot;TANK&amp;quot; and UnitIsDead(member) == nil then
      if UnitThreatSituation(member,&amp;quot;target&amp;quot;) ~= 3 and UnitInRange(member) then CastSpellByID(57934,member) end
    end
  end
end

end</Lua><RecastDelay>0</RecastDelay><Target>Target</Target></Ability><Ability><Name>Fan of Knives</Name><Default>false</Default><SpellID>51723</SpellID><Actions></Actions><Lua>if IsLeftShiftKeyDown() 
and GetCurrentKeyBoardFocus() == nil 
then
  return true
end</Lua><RecastDelay>0</RecastDelay><Target>Target</Target></Ability><Ability><Name>Ambush</Name><Default>false</Default><SpellID>8676</SpellID><Actions></Actions><Lua>return true</Lua><RecastDelay>0</RecastDelay><Target>Target</Target></Ability><Ability><Name>Adrenaline Rush</Name><Default>false</Default><SpellID>13750</SpellID><Actions></Actions><Lua>if UnitPower(&amp;quot;player&amp;quot;) &amp;lt; 25 then
  return true
end</Lua><RecastDelay>0</RecastDelay><Target>Target</Target></Ability><Ability><Name>Recuperate</Name><Default>false</Default><SpellID>73651</SpellID><Actions></Actions><Lua>if GetNumPartyMembers() == 0 
and 100 * UnitHealth(&amp;quot;player&amp;quot;) / UnitHealthMax(&amp;quot;player&amp;quot;) &amp;lt; 80
then return true end</Lua><RecastDelay>0</RecastDelay><Target>Target</Target></Ability></ROGUE>