<?xml version="1.0" encoding="utf-8" ?><WARLOCK><Ability><Name>Demo: Soul Fire</Name><Default>false</Default><SpellID>6353</SpellID><Actions></Actions><Lua>local hasDecimation = UnitBuffID(&amp;quot;player&amp;quot;, 63158)
local hasSoulburn = UnitBuffID(&amp;quot;player&amp;quot;, 74434)

if hasSoulburn ~= nil then
	return true
end

if hasDecimation ~= nil then
	return true
end</Lua><RecastDelay>500</RecastDelay><Target>Target</Target><CancelChannel>False</CancelChannel><LuaBefore></LuaBefore><LuaAfter></LuaAfter></Ability><Ability><Name>Demo: Metamorphosis</Name><Default>false</Default><SpellID>47241</SpellID><Actions></Actions><Lua>if IsShiftKeyDown() then
	return true
end</Lua><RecastDelay>500</RecastDelay><Target>Player</Target><CancelChannel>False</CancelChannel><LuaBefore></LuaBefore><LuaAfter></LuaAfter></Ability><Ability><Name>Demo: Pet_Felstorm</Name><Default>false</Default><SpellID>89751</SpellID><Actions></Actions><Lua>return true</Lua><RecastDelay>500</RecastDelay><Target>Target</Target><CancelChannel>False</CancelChannel><LuaBefore></LuaBefore><LuaAfter></LuaAfter></Ability><Ability><Name>All: Shadowflame</Name><Default>false</Default><SpellID>47897</SpellID><Actions></Actions><Lua>return true</Lua><RecastDelay>0</RecastDelay><Target>Target</Target><CancelChannel>False</CancelChannel><LuaBefore></LuaBefore><LuaAfter></LuaAfter></Ability><Ability><Name>Aff: Unstable Affliction</Name><Default>false</Default><SpellID>30108</SpellID><Actions></Actions><Lua>local debuffUA, _, _, _, _, _, UaExpire = UnitDebuffID(&amp;quot;target&amp;quot;, 30108, &amp;quot;PLAYER&amp;quot;)

if debuffUA == nil then
	return true
else
	UaExpire = UaExpire - GetTime()
	if UaExpire &amp;lt;  4 then
		return true
	end
end</Lua><RecastDelay>500</RecastDelay><Target>Target</Target><CancelChannel>False</CancelChannel><LuaBefore></LuaBefore><LuaAfter></LuaAfter></Ability><Ability><Name>Aff: Soul Swap</Name><Default>false</Default><SpellID>86121</SpellID><Actions></Actions><Lua>local bOd = UnitDebuffID(&amp;quot;target&amp;quot;, 603, &amp;quot;PLAYER&amp;quot;)
local bOa = UnitDebuffID(&amp;quot;target&amp;quot;, 980, &amp;quot;PLAYER&amp;quot;)
local corrupT = UnitDebuffID(&amp;quot;target&amp;quot;, 172, &amp;quot;PLAYER&amp;quot;)
local uA = UnitDebuffID(&amp;quot;target&amp;quot;, 30108, &amp;quot;PLAYER&amp;quot;)
local inRange = 0
local unit = &amp;quot;focus&amp;quot;

if UnitExists(unit) and UnitIsVisible(unit) then
   inRange = IsSpellInRange(&amp;quot;Soul Swap&amp;quot;,unit)
end
if inRange==1 then
	if bOd ~= nil and corrupT ~= nil and uA ~= nil then
		return true
	elseif bOa ~= nil and corrupT ~= nil and uA ~= nil then
		return true
	else
		return false
	end
end</Lua><RecastDelay>500</RecastDelay><Target>Target</Target><CancelChannel>False</CancelChannel><LuaBefore></LuaBefore><LuaAfter></LuaAfter></Ability><Ability><Name>Aff: Drain Soul</Name><Default>false</Default><SpellID>1120</SpellID><Actions></Actions><Lua>local unithealth = 100 * UnitHealth(&amp;quot;target&amp;quot;) / UnitHealthMax(&amp;quot;target&amp;quot;)
local hasHaunt = UnitDebuffID(&amp;quot;target&amp;quot;, 48181, &amp;quot;PLAYER&amp;quot;)

if unithealth &amp;lt;= 25 and hasHaunt then 
	return true
end</Lua><RecastDelay>500</RecastDelay><Target>Target</Target><CancelChannel>False</CancelChannel><LuaBefore></LuaBefore><LuaAfter></LuaAfter></Ability><Ability><Name>Demo: Immolation Aura</Name><Default>false</Default><SpellID>50589</SpellID><Actions></Actions><Lua>return true</Lua><RecastDelay>500</RecastDelay><Target>Target</Target><CancelChannel>False</CancelChannel><LuaBefore></LuaBefore><LuaAfter></LuaAfter></Ability><Ability><Name>All: Corruption</Name><Default>false</Default><SpellID>172</SpellID><Actions></Actions><Lua>local dbCorruption, _, _, _, _, _, CorruptionExpire = UnitDebuffID(&amp;quot;target&amp;quot;, 172, &amp;quot;PLAYER&amp;quot;)

if dbCorruption ~= nil then
	--cast if &amp;lt; 1.5 sec left
	CorruptionExpire = (CorruptionExpire - GetTime())
	if CorruptionExpire &amp;lt; .5 then
		return true
	end
else
	return true
end</Lua><RecastDelay>500</RecastDelay><Target>Target</Target><CancelChannel>False</CancelChannel><LuaBefore></LuaBefore><LuaAfter></LuaAfter></Ability><Ability><Name>Aff/Destro: Bane of Agony</Name><Default>false</Default><SpellID>980</SpellID><Actions></Actions><Lua>local baneAgonyDebuff, _, _, _, _, _, AgonyExpireTime = UnitDebuffID(&amp;quot;target&amp;quot;, 980, &amp;quot;PLAYER&amp;quot;)
local levelCheck = UnitLevel(&amp;quot;target&amp;quot;)
if levelCheck == -1 then
	--boss level is -1... do not cast this on a boss.
	return false
end

if baneAgonyDebuff ~= nil then
	AgonyExpireTime = AgonyExpireTime - GetTime()
	if AgonyExpireTime &amp;lt; 0 then
		return true
	end
else
	return true
end</Lua><RecastDelay>500</RecastDelay><Target>Target</Target><CancelChannel>False</CancelChannel><LuaBefore></LuaBefore><LuaAfter></LuaAfter></Ability><Ability><Name>All: Curse of the Elements</Name><Default>false</Default><SpellID>1490</SpellID><Actions></Actions><Lua>local dbCotEPlayer, _, _, _, _, _, CotEexpireTime = UnitDebuffID(&amp;quot;target&amp;quot;, 1490, &amp;quot;PLAYER&amp;quot;)
local dbCotE = UnitDebuffID(&amp;quot;target&amp;quot;, 1490)
local dbJinx = UnitDebuffID(&amp;quot;target&amp;quot;, 85547)
local dbEaM = UnitDebuffID(&amp;quot;target&amp;quot;, 60433)
local dbEP = UnitDebuffID(&amp;quot;target&amp;quot;, 65142)
local dbFB = UnitDebuffID(&amp;quot;target&amp;quot;, 34889)
local dbLB = UnitDebuffID(&amp;quot;target&amp;quot;, 24844)
local dbMP = UnitDebuffID(&amp;quot;target&amp;quot;, 93068)
local levelCheck = UnitLevel(&amp;quot;target&amp;quot;)

if levelCheck ~= -1 or levelCheck &amp;lt;= 86  then
	return false
end

if dbCotEPlayer ~= nil then
	if CotEexpireTime - GetTime() &amp;lt; 1.5 then
		return true
	end
elseif dbCotE ~= nil or dbEaM ~= nil or dbEP ~= nil or dbFB ~= nil or dbLB ~= nil or dbMP ~= nil or dbJinx ~= nil then
	return false
else
	return true
end</Lua><RecastDelay>500</RecastDelay><Target>Target</Target><CancelChannel>False</CancelChannel><LuaBefore></LuaBefore><LuaAfter></LuaAfter></Ability><Ability><Name>Destro: Conflagrate</Name><Default>false</Default><SpellID>17962</SpellID><Actions></Actions><Lua>local debuffImmolate, _, _, _, _, _, ImmolateExpire = UnitDebuffID(&amp;quot;target&amp;quot;, 348, &amp;quot;PLAYER&amp;quot;)

if debuffImmolate ~= nil then
	ImmolateExpire = ImmolateExpire - GetTime()
	if ImmolateExpire &amp;gt;  3.5 then
		return true
	end
end</Lua><RecastDelay>0</RecastDelay><Target>Target</Target><CancelChannel>False</CancelChannel><LuaBefore></LuaBefore><LuaAfter></LuaAfter></Ability><Ability><Name>All: Life Tap</Name><Default>false</Default><SpellID>1454</SpellID><Actions></Actions><Lua>local myMana = UnitPower(&amp;quot;player&amp;quot;) / UnitPowerMax(&amp;quot;player&amp;quot;) * 100
local myHealth = UnitHealth(&amp;quot;player&amp;quot;) / UnitHealthMax(&amp;quot;player&amp;quot;) * 100

if myMana &amp;lt; 20 and myHealth &amp;gt; 50 then
	return true
end</Lua><RecastDelay>2000</RecastDelay><Target>Target</Target><CancelChannel>False</CancelChannel><LuaBefore></LuaBefore><LuaAfter></LuaAfter></Ability><Ability><Name>Destro: Chaos Bolt</Name><Default>false</Default><SpellID>50796</SpellID><Actions></Actions><Lua>local _,_,_,_,_,_,casttime = GetSpellInfo(50796)

if casttime &amp;lt;= 1000 then
	return false
else
	return true
end</Lua><RecastDelay>0</RecastDelay><Target>Target</Target><CancelChannel>False</CancelChannel><LuaBefore></LuaBefore><LuaAfter></LuaAfter></Ability><Ability><Name>Demo: Hellfire</Name><Default>false</Default><SpellID>1949</SpellID><Actions></Actions><Lua>return true</Lua><RecastDelay>0</RecastDelay><Target>Player</Target><CancelChannel>False</CancelChannel><LuaBefore></LuaBefore><LuaAfter></LuaAfter></Ability><Ability><Name>Aff: Soulburn:SoC</Name><Default>false</Default><SpellID>74434</SpellID><Actions></Actions><Lua>return true</Lua><RecastDelay>500</RecastDelay><Target>Target</Target><CancelChannel>False</CancelChannel><LuaBefore></LuaBefore><LuaAfter></LuaAfter></Ability><Ability><Name>Destro: Shadowburn</Name><Default>false</Default><SpellID>17877</SpellID><Actions></Actions><Lua>local unithealth = 100 * UnitHealth(&amp;quot;target&amp;quot;) / UnitHealthMax(&amp;quot;target&amp;quot;)

if unithealth &amp;lt;= 20 then
	return true
end</Lua><RecastDelay>0</RecastDelay><Target>Target</Target><CancelChannel>False</CancelChannel><LuaBefore></LuaBefore><LuaAfter></LuaAfter></Ability><Ability><Name>Demo: DRB_Felguard</Name><Default>false</Default><SpellID>30146</SpellID><Actions></Actions><Lua>local hasDrebirth = UnitBuffID(&amp;quot;player&amp;quot;, 88447)

if hasDrebirth ~= nill then
	return true
end</Lua><RecastDelay>500</RecastDelay><Target>Target</Target><CancelChannel>False</CancelChannel><LuaBefore></LuaBefore><LuaAfter></LuaAfter></Ability><Ability><Name>Aff: Shadow Bolt</Name><Default>false</Default><SpellID>686</SpellID><Actions></Actions><Lua>return true</Lua><RecastDelay>500</RecastDelay><Target>Target</Target><CancelChannel>False</CancelChannel><LuaBefore></LuaBefore><LuaAfter></LuaAfter></Ability><Ability><Name>Destro: Havoc Mouseover</Name><Default>false</Default><SpellID>80240</SpellID><Actions></Actions><Lua>if IsLeftAltKeyDown() then
	return true
end</Lua><RecastDelay>0</RecastDelay><Target>Mouseover</Target><CancelChannel>False</CancelChannel><LuaBefore></LuaBefore><LuaAfter></LuaAfter></Ability><Ability><Name>Aff: Soul Swap:Exhale</Name><Default>false</Default><SpellID>86121</SpellID><Actions></Actions><Lua>local inRange = 0
local unit = &amp;quot;focus&amp;quot;
local hassoulswap = UnitBuffID(&amp;quot;player&amp;quot;, 86211)

if UnitExists(unit) and UnitIsVisible(unit) then
   inRange = IsSpellInRange(&amp;quot;Soul Swap&amp;quot;,unit)
end

if inRange==1 then
	if hassoulswap then
		return true
	end
else
	return false
end</Lua><RecastDelay>0</RecastDelay><Target>Focus</Target><CancelChannel>False</CancelChannel><LuaBefore></LuaBefore><LuaAfter></LuaAfter></Ability><Ability><Name>Demo: Soulburn</Name><Default>false</Default><SpellID>74434</SpellID><Actions></Actions><Lua>local hasDecimation = UnitBuffID(&amp;quot;player&amp;quot;, 63158)
local gloves = IsEquippedItem(&amp;quot;Gloves of the Faceless Shroud&amp;quot;)
local hood = IsEquippedItem(&amp;quot;Hood of the Faceless Shroud&amp;quot;)
local legs = IsEquippedItem(&amp;quot;Leggings of the Faceless Shroud&amp;quot;)
local robes = IsEquippedItem(&amp;quot;Robes of the Faceless Shroud&amp;quot;)
local mantle = IsEquippedItem(&amp;quot;Mantle of the Faceless Shroud&amp;quot;)
local total = 0
local gloves1 = 1
local hood1 = 1
local legs1 = 1
local robes1 = 1
local mantle1 = 1

if gloves == nil then
	gloves1 = 0
end

if hood == nil then
	hood1 = 0
end

if legs == nil then
	legs1 = 0
end

if robes == nil then
	robes1 = 0
end

if mantle == nil then
	mantle1 = 0
end

if gloves == nil then
	gloves1 = 0
end

total = (gloves1 + hood1 + legs1 + robes1 + mantle1)
if total &amp;gt;= 4 then 
	return true
end

if hasDecimation ~= nil then
	return true
end</Lua><RecastDelay>0</RecastDelay><Target>Target</Target><CancelChannel>False</CancelChannel><LuaBefore></LuaBefore><LuaAfter></LuaAfter></Ability><Ability><Name>Demo: Bane of Doom</Name><Default>false</Default><SpellID>603</SpellID><Actions></Actions><Lua>local baneDoomDebuff = UnitDebuffID(&amp;quot;target&amp;quot;, 603, &amp;quot;PLAYER&amp;quot;)

if baneDoomDebuff == nil then
	return true
end</Lua><RecastDelay>500</RecastDelay><Target>Target</Target><CancelChannel>False</CancelChannel><LuaBefore></LuaBefore><LuaAfter></LuaAfter></Ability><Ability><Name>Aff: Seed of Corruption</Name><Default>false</Default><SpellID>27243</SpellID><Actions></Actions><Lua>return true</Lua><RecastDelay>500</RecastDelay><Target>Target</Target><CancelChannel>False</CancelChannel><LuaBefore></LuaBefore><LuaAfter></LuaAfter></Ability><Ability><Name>Aff: Haunt</Name><Default>false</Default><SpellID>48181</SpellID><Actions></Actions><Lua>return true</Lua><RecastDelay>0</RecastDelay><Target>Target</Target><CancelChannel>False</CancelChannel><LuaBefore></LuaBefore><LuaAfter></LuaAfter></Ability><Ability><Name>Demo: Shadow Bolt (Inc Filler)</Name><Default>false</Default><SpellID>686</SpellID><Actions></Actions><Lua>local hasSt = UnitBuffID(&amp;quot;player&amp;quot;, 17941)

if hasSt ~= nil then
	return true
else
	return false
end</Lua><RecastDelay>500</RecastDelay><Target>Target</Target><CancelChannel>False</CancelChannel><LuaBefore></LuaBefore><LuaAfter></LuaAfter></Ability><Ability><Name>Destro: Bane of Havoc</Name><Default>false</Default><SpellID>80240</SpellID><Actions></Actions><Lua>local baneHavocDebuff = UnitDebuffID(&amp;quot;focus&amp;quot;, 80240, &amp;quot;PLAYER&amp;quot;)
local inRange = 0
local unit = &amp;quot;focus&amp;quot;

if UnitExists(unit) and UnitIsVisible(unit) then
   inRange = IsSpellInRange(&amp;quot;Bane of Havoc&amp;quot;,unit)
end
if inRange==1 then
	if baneHavocDebuff == nil then
		return true
	else
		return false
	end
end</Lua><RecastDelay>500</RecastDelay><Target>Focus</Target><CancelChannel>False</CancelChannel><LuaBefore></LuaBefore><LuaAfter></LuaAfter></Ability><Ability><Name>All: Demon Soul</Name><Default>false</Default><SpellID>77801</SpellID><Actions>/use 13|/use 14</Actions><Lua>local levelCheck = UnitLevel(&amp;quot;target&amp;quot;)
local heroism = UnitBuffID(&amp;quot;player&amp;quot;, 32182)
local lust = UnitBuffID(&amp;quot;player&amp;quot;, 2825)
local warp = UnitBuffID(&amp;quot;player&amp;quot;, 80353)
local hysteria = UnitBuffID(&amp;quot;player&amp;quot;, 90355)
local unithealth = 100 * UnitHealth(&amp;quot;target&amp;quot;) / UnitHealthMax(&amp;quot;target&amp;quot;)

if heroism ~= nil or lust ~= nil or warp ~= nil or hysteria ~= nil then
	return true
end

if levelCheck &amp;gt;= 85 then
	if unithealth &amp;gt;= 90 then
		return true
		end
end

if levelCheck == -1 then
	if unithealth &amp;gt;=90 then
		return true
	end
end</Lua><RecastDelay>500</RecastDelay><Target>Target</Target><CancelChannel>False</CancelChannel><LuaBefore></LuaBefore><LuaAfter></LuaAfter></Ability><Ability><Name>Destro: Incinerate</Name><Default>false</Default><SpellID>29722</SpellID><Actions></Actions><Lua>return true</Lua><RecastDelay>500</RecastDelay><Target>Target</Target><CancelChannel>False</CancelChannel><LuaBefore></LuaBefore><LuaAfter></LuaAfter></Ability><Ability><Name>Demo/Destro: Immolate</Name><Default>false</Default><SpellID>348</SpellID><Actions></Actions><Lua>local debuffImmolate, _, _, _, _, _, ImmolateExpire = UnitDebuffID(&amp;quot;target&amp;quot;, 348, &amp;quot;PLAYER&amp;quot;)

if debuffImmolate == nil then
	return true
else
	ImmolateExpire = ImmolateExpire - GetTime()
	if ImmolateExpire &amp;lt;  3 then
		return true
	end
end</Lua><RecastDelay>500</RecastDelay><Target>Target</Target><CancelChannel>False</CancelChannel><LuaBefore></LuaBefore><LuaAfter></LuaAfter></Ability><Ability><Name>Destro: Soul Fire</Name><Default>false</Default><SpellID>6353</SpellID><Actions></Actions><Lua>local hasSoulburn = UnitBuffID(&amp;quot;player&amp;quot;, 74434)
local empoweredImp = UnitBuffID(&amp;quot;player&amp;quot;, 47221)
local isfbuff, _, _, _, _, _, isfbuffExpire = UnitBuffID(&amp;quot;player&amp;quot;, 18120)

if isfbuff == nil then
	return true
else
	isfbuffExpire = isfbuffExpire - GetTime()
	if isfbuffExpire &amp;lt;  3 then
		return true
	end
end

if hasSoulburn ~= nil then
	return true
end

if empoweredImp ~= nil  then
	return true
end</Lua><RecastDelay>500</RecastDelay><Target>Target</Target><CancelChannel>False</CancelChannel><LuaBefore></LuaBefore><LuaAfter></LuaAfter></Ability><Ability><Name>Demo: Hand of Gul&amp;apos;dan</Name><Default>false</Default><SpellID>71521</SpellID><Actions></Actions><Lua>local hasMc = UnitBuffID(&amp;quot;player&amp;quot;, 71165)

if hasMc then
	return false
else
	return true
end</Lua><RecastDelay>500</RecastDelay><Target>Target</Target><CancelChannel>False</CancelChannel><LuaBefore></LuaBefore><LuaAfter></LuaAfter></Ability><Ability><Name>Demo: DRB_Felhound</Name><Default>false</Default><SpellID>691</SpellID><Actions></Actions><Lua>local hasDrebirth = UnitBuffID(&amp;quot;player&amp;quot;, 88447)

if hasDrebirth ~= nill then
	return true
end</Lua><RecastDelay>500</RecastDelay><Target>Target</Target><CancelChannel>False</CancelChannel><LuaBefore></LuaBefore><LuaAfter></LuaAfter></Ability><Ability><Name>Aff/Destro: Bane of Doom</Name><Default>false</Default><SpellID>603</SpellID><Actions></Actions><Lua>--cast Bane of Doom if boss level and Bane not up already.
local baneDoomDebuff = UnitDebuffID(&amp;quot;target&amp;quot;, 603, &amp;quot;PLAYER&amp;quot;)

if baneDoomDebuff == nil then
	return true
end</Lua><RecastDelay>500</RecastDelay><Target>Target</Target><CancelChannel>False</CancelChannel><LuaBefore></LuaBefore><LuaAfter></LuaAfter></Ability><Ability><Name>All: Fel Flame</Name><Default>false</Default><SpellID>77799</SpellID><Actions></Actions><Lua>local felSpark = UnitBuffID(&amp;quot;player&amp;quot;, 89937)

if PQR_IsMoving(1) then
	return true
end

if felSpark ~= nil then
	return true
end</Lua><RecastDelay>0</RecastDelay><Target>Target</Target><CancelChannel>False</CancelChannel><LuaBefore></LuaBefore><LuaAfter></LuaAfter></Ability><Ability><Name>Aff: Opener Shadow Bolt</Name><Default>false</Default><SpellID>686</SpellID><Actions></Actions><Lua>local hasShadowtrance = UnitBuffID(&amp;quot;player&amp;quot;, 17941)
local debuffShadowandflame, _, _, _, _, _, SandfExpire = UnitDebuffID(&amp;quot;target&amp;quot;, 17801, &amp;quot;PLAYER&amp;quot;)
local unithealth = 100 * UnitHealth(&amp;quot;target&amp;quot;) / UnitHealthMax(&amp;quot;target&amp;quot;)

if hasShadowtrance ~= nil then
	return true
end

if debuffShadowandflame == nil then
	return false
else
	SandfExpire = SandfExpire - GetTime()
	if SandfExpire &amp;lt;  3 then
		return true
	end
end</Lua><RecastDelay>500</RecastDelay><Target>Target</Target><CancelChannel>False</CancelChannel><LuaBefore></LuaBefore><LuaAfter></LuaAfter></Ability><Ability><Name>Destro: Soulburn</Name><Default>false</Default><SpellID>74434</SpellID><Actions></Actions><Lua>if IsShiftKeyDown() then
	return true
end</Lua><RecastDelay>500</RecastDelay><Target>Target</Target><CancelChannel>False</CancelChannel><LuaBefore></LuaBefore><LuaAfter></LuaAfter></Ability><Ability><Name>All: Fear</Name><Default>false</Default><SpellID>5782</SpellID><Actions></Actions><Lua>local hasFear = UnitDebuff(&amp;quot;target&amp;quot;, &amp;quot;Fear&amp;quot;)
local inRange = 0
local unit = &amp;quot;target&amp;quot;

if UnitExists(unit) and UnitIsVisible(unit) then
   inRange = IsSpellInRange(&amp;quot;Fear&amp;quot;, unit)
end

if inRange== 1 then
     if hasFear == nil  then
          return true
     end
end</Lua><RecastDelay>0</RecastDelay><Target>Target</Target><CancelChannel>False</CancelChannel><LuaBefore></LuaBefore><LuaAfter></LuaAfter></Ability><Ability><Name>All: Set Focus</Name><Default>false</Default><SpellID>0</SpellID><Actions>/focus</Actions><Lua>if IsLeftAltKeyDown() then
	return true
end</Lua><RecastDelay>0</RecastDelay><Target>Mouseover</Target><CancelChannel>False</CancelChannel><LuaBefore></LuaBefore><LuaAfter></LuaAfter></Ability><Ability><Name>Pause</Name><Default>false</Default><SpellID>0</SpellID><Actions></Actions><Lua>if IsLeftControlKeyDown() then
	return true
end</Lua><RecastDelay>0</RecastDelay><Target>Target</Target><CancelChannel>False</CancelChannel><LuaBefore></LuaBefore><LuaAfter></LuaAfter></Ability><Ability><Name>Demo: Incinerate (SB Filler)</Name><Default>false</Default><SpellID>29722</SpellID><Actions></Actions><Lua>local hasMoltencore = UnitBuffID(&amp;quot;player&amp;quot;, 47247)

if hasMoltencore ~= nil then
	return true
end</Lua><RecastDelay>150</RecastDelay><Target>Target</Target><CancelChannel>False</CancelChannel><LuaBefore></LuaBefore><LuaAfter></LuaAfter></Ability><Ability><Name>Demo: Incinerate (Filler)</Name><Default>false</Default><SpellID>29722</SpellID><Actions></Actions><Lua>return true</Lua><RecastDelay>150</RecastDelay><Target>Target</Target><CancelChannel>False</CancelChannel><LuaBefore></LuaBefore><LuaAfter></LuaAfter></Ability><Ability><Name>Demo: Shadow Bolt (Filler)</Name><Default>false</Default><SpellID>686</SpellID><Actions></Actions><Lua>local hasDecimation = UnitBuffID(&amp;quot;player&amp;quot;, 63158)
local hasMc = UnitBuffID(&amp;quot;player&amp;quot;, 71165)

if hasMc then
	return false
elseif hasDecimation then
	return false
else
	return true
end</Lua><RecastDelay>500</RecastDelay><Target>Target</Target><CancelChannel>False</CancelChannel><LuaBefore></LuaBefore><LuaAfter></LuaAfter></Ability><Ability><Name>Aff: Soulburn t13</Name><Default>false</Default><SpellID>74434</SpellID><Actions></Actions><Lua>local gloves = IsEquippedItem(&amp;quot;Gloves of the Faceless Shroud&amp;quot;)
local hood = IsEquippedItem(&amp;quot;Hood of the Faceless Shroud&amp;quot;)
local legs = IsEquippedItem(&amp;quot;Leggings of the Faceless Shroud&amp;quot;)
local robes = IsEquippedItem(&amp;quot;Robes of the Faceless Shroud&amp;quot;)
local mantle = IsEquippedItem(&amp;quot;Mantle of the Faceless Shroud&amp;quot;)
local total = 0
local gloves1 = 1
local hood1 = 1
local legs1 = 1
local robes1 = 1
local mantle1 = 1

if gloves == nil then
	gloves1 = 0
end

if hood == nil then
	hood1 = 0
end

if legs == nil then
	legs1 = 0
end

if robes == nil then
	robes1 = 0
end

if mantle == nil then
	mantle1 = 0
end

if gloves == nil then
	gloves1 = 0
end

total = (gloves1 + hood1 + legs1 + robes1 + mantle1)
if total &amp;gt;= 4 then 
	return true
end</Lua><RecastDelay>500</RecastDelay><Target>Target</Target><CancelChannel>False</CancelChannel><LuaBefore></LuaBefore><LuaAfter></LuaAfter></Ability><Ability><Name>Aff: Soul Fire</Name><Default>false</Default><SpellID>6353</SpellID><Actions></Actions><Lua>local hasSoulburn = UnitBuffID(&amp;quot;player&amp;quot;, 74434)

if hasSoulburn ~= nil then
	return true
end</Lua><RecastDelay>500</RecastDelay><Target>Target</Target><CancelChannel>False</CancelChannel><LuaBefore></LuaBefore><LuaAfter></LuaAfter></Ability></WARLOCK>