<?xml version="1.0" encoding="utf-8" ?><WARLOCK><Rotation><RotationName>Destro: Single Target</RotationName><RotationDefault>false</RotationDefault><RotationList>Pause|Destro: Havoc Mouseover|All: Curse of the Elements|All: Life Tap|All: Fel Flame|Destro: Shadowburn|Aff/Destro: Bane of Doom|Destro: Soulburn|Destro: Soul Fire|Demo/Destro: Immolate|Destro: Conflagrate|All: Corruption|All: Demon Soul|Destro: Chaos Bolt|Destro: Incinerate</RotationList><RequireCombat>true</RequireCombat><RotationNotes>Updated for 4.3

Hold Left Shift to Soulburn
Removed Bane of Agony from rotation just using bane of doom.
Hold Left Alt to cast Bane of Havoc on mouse over
Hold Left Control to Pause </RotationNotes></Rotation><Rotation><RotationName>Affliction: Single Target</RotationName><RotationDefault>false</RotationDefault><RotationList>Pause|All: Set Focus|All: Curse of the Elements|All: Life Tap|All: Fel Flame|Aff: Opener Shadow Bolt|All: Demon Soul|Aff: Soul Fire|Aff: Soulburn t13|Aff: Soul Swap:Exhale|Aff: Soul Swap|Aff: Haunt|Aff/Destro: Bane of Doom|Aff/Destro: Bane of Agony|All: Corruption|Aff: Unstable Affliction|Aff: Drain Soul|Aff: Shadow Bolt</RotationList><RequireCombat>true</RequireCombat><RotationNotes>Updated to 4.3

Hold Left Control to Pause
Hold Left Alt to Set Focus on Current target</RotationNotes></Rotation><Rotation><RotationName>Affliction: AOE</RotationName><RotationDefault>false</RotationDefault><RotationList>All: Demon Soul|All: Life Tap|All: Fel Flame|Aff: Soulburn:SoC|Aff: Seed of Corruption|All: Shadowflame</RotationList><RequireCombat>true</RequireCombat><RotationNotes></RotationNotes></Rotation><Rotation><RotationName>Demo: AOE</RotationName><RotationDefault>false</RotationDefault><RotationList>All: Life Tap|Demo: DRB_Felguard|Demo: Metamorphosis|Demo: Immolation Aura|All: Shadowflame|Demo: Pet_Felstorm|Demo: Hellfire</RotationList><RequireCombat>true</RequireCombat><RotationNotes></RotationNotes></Rotation><Rotation><RotationName>Demo: Single Target (SB Filler)</RotationName><RotationDefault>false</RotationDefault><RotationList>Pause|Demo: DRB_Felhound|All: Curse of the Elements|All: Life Tap|Demo: Metamorphosis|All: Demon Soul|Demo: Incinerate (SB Filler)|Demo: Soulburn|Demo: Soul Fire|Demo/Destro: Immolate|Demo: Hand of Gul&amp;apos;dan|Demo: Bane of Doom|All: Corruption|All: Fel Flame|Demo: Shadow Bolt (Filler)</RotationList><RequireCombat>true</RequireCombat><RotationNotes>Updated for 4.3

Hold Left Shift to use Meta
Hold Left Control for Pause

User choice: Select Demo: DRB_Felhound or Demo: DRB_Felguard  for the rebirth effect.</RotationNotes></Rotation><Rotation><RotationName>Demo: Single Target (Inc Filler)</RotationName><RotationDefault>false</RotationDefault><RotationList>Pause|Demo: DRB_Felhound|All: Curse of the Elements|All: Life Tap|Demo: Metamorphosis|All: Demon Soul|Demo: Shadow Bolt (Inc Filler)|Demo: Soulburn|Demo: Soul Fire|Demo/Destro: Immolate|Demo: Hand of Gul&amp;apos;dan|Demo: Bane of Doom|All: Corruption|All: Fel Flame|Demo: Incinerate (Filler)</RotationList><RequireCombat>true</RequireCombat><RotationNotes>Updated for 4.3

Hold Left Shift to use Meta
Hold Left Control for Pause

User choice: Select Demo: DRB_Felhound or Demo: DRB_Felguard  for the rebirth effect.</RotationNotes></Rotation></WARLOCK>