<?xml version="1.0" encoding="utf-8" ?><DEATHKNIGHT><Rotation><RotationName>Frost PVP [5/31/5]</RotationName><RotationDefault>false</RotationDefault><RotationList>--- defensive spells ---|Icebound Fortitude|Will of the Forsaken|Anti-Magic Shell|Blood Tap|Horn of Winter|--- offensive spells ---|Strangulate|Death Grip|Pillar of Frost|Empower Rune Weapon|Lichborne|Raise Dead|Death Pact|Outbreak|Death Coil|Obliterate|Howling Blast|Necrotic Strike|Frost Strike</RotationList><RequireCombat>false</RequireCombat><RotationNotes></RotationNotes></Rotation></DEATHKNIGHT>