<?xml version="1.0" encoding="utf-8" ?><DEATHKNIGHT><Ability><Name>Necrotic Strike</Name><Default>false</Default><SpellID>73975</SpellID><Actions></Actions><Lua>if UnitBuffID(&amp;quot;player&amp;quot;,51124) == nil 
then return true end</Lua><RecastDelay>0</RecastDelay><Target>Target</Target><CancelChannel>False</CancelChannel><LuaBefore></LuaBefore><LuaAfter></LuaAfter></Ability><Ability><Name>Outbreak</Name><Default>false</Default><SpellID>77575</SpellID><Actions></Actions><Lua>if UnitDebuffID(&amp;quot;target&amp;quot;,50435,&amp;quot;PLAYER&amp;quot;) == nil 
then return true end</Lua><RecastDelay>0</RecastDelay><Target>Target</Target><CancelChannel>False</CancelChannel><LuaBefore></LuaBefore><LuaAfter></LuaAfter></Ability><Ability><Name>Howling Blast</Name><Default>false</Default><SpellID>49184</SpellID><Actions></Actions><Lua>if ( select(3,GetRuneCooldown(1)) == false 
and select(3,GetRuneCooldown(2)) == false 
and select(3,GetRuneCooldown(3)) == false 
and select(3,GetRuneCooldown(4)) == false ) 
or IsSpellInRange(tostring(GetSpellInfo(73975))) == 0 
then return true end</Lua><RecastDelay>0</RecastDelay><Target>Target</Target><CancelChannel>False</CancelChannel><LuaBefore></LuaBefore><LuaAfter></LuaAfter></Ability><Ability><Name>Death Coil</Name><Default>false</Default><SpellID>47541</SpellID><Actions></Actions><Lua>if UnitBuffID(&amp;quot;player&amp;quot;,49039) then 
  PQR_CustomTarget = &amp;quot;player&amp;quot;
  return true
else
  if IsSpellInRange(tostring(GetSpellInfo(73975))) == 0 then 
    PQR_CustomTarget = &amp;quot;target&amp;quot;
    return true 
  end
end</Lua><RecastDelay>0</RecastDelay><Target>Custom</Target><CancelChannel>False</CancelChannel><LuaBefore></LuaBefore><LuaAfter></LuaAfter></Ability><Ability><Name>Frost Strike</Name><Default>false</Default><SpellID>49143</SpellID><Actions></Actions><Lua>if UnitBuffID(&amp;quot;player&amp;quot;,49039) == nil 
and UnitPower(&amp;quot;player&amp;quot;) &amp;gt; 90 
then return true end</Lua><RecastDelay>0</RecastDelay><Target>Target</Target><CancelChannel>False</CancelChannel><LuaBefore></LuaBefore><LuaAfter></LuaAfter></Ability><Ability><Name>Horn of Winter</Name><Default>false</Default><SpellID>57330</SpellID><Actions></Actions><Lua>if UnitBuffID(&amp;quot;player&amp;quot;, 57330) == nil 
then return true end</Lua><RecastDelay>500</RecastDelay><Target>Target</Target><CancelChannel>False</CancelChannel><LuaBefore></LuaBefore><LuaAfter></LuaAfter></Ability><Ability><Name>Lichborne</Name><Default>false</Default><SpellID>49039</SpellID><Actions></Actions><Lua>if 100 * UnitHealth(&amp;quot;player&amp;quot;) / UnitHealthMax(&amp;quot;player&amp;quot;) &amp;lt; 70 
then return true end</Lua><RecastDelay>0</RecastDelay><Target>Target</Target><CancelChannel>False</CancelChannel><LuaBefore></LuaBefore><LuaAfter></LuaAfter></Ability><Ability><Name>Raise Dead</Name><Default>false</Default><SpellID>46584</SpellID><Actions></Actions><Lua>if 100 * UnitHealth(&amp;quot;player&amp;quot;) / UnitHealthMax(&amp;quot;player&amp;quot;) &amp;lt; 80 
and GetSpellCooldown(49039) ~= 0 
then return true end</Lua><RecastDelay>0</RecastDelay><Target>Target</Target><CancelChannel>False</CancelChannel><LuaBefore></LuaBefore><LuaAfter></LuaAfter></Ability><Ability><Name>Death Pact</Name><Default>false</Default><SpellID>48743</SpellID><Actions></Actions><Lua>if GetTotemInfo(1) 
then return true end</Lua><RecastDelay>0</RecastDelay><Target>Target</Target><CancelChannel>False</CancelChannel><LuaBefore></LuaBefore><LuaAfter></LuaAfter></Ability><Ability><Name>Death Grip</Name><Default>false</Default><SpellID>49576</SpellID><Actions></Actions><Lua>if IsLeftShiftKeyDown() 
and GetCurrentKeyBoardFocus() == nil 
then return true end</Lua><RecastDelay>0</RecastDelay><Target>Target</Target><CancelChannel>False</CancelChannel><LuaBefore></LuaBefore><LuaAfter></LuaAfter></Ability><Ability><Name>--- offensive spells ---</Name><Default>false</Default><SpellID>0</SpellID><Actions></Actions><Lua>local buff = { 642, 45438, 31224, 23920, 33786, 19263, 97417, 97977, 102915, 100686, 105784 }
local mob = { &amp;quot;Training Dummy&amp;quot;, &amp;quot;Raider&amp;apos;s Training Dummy&amp;quot;, &amp;quot;Twisted Spirit&amp;quot;, &amp;quot;Amani´shi Hatcher&amp;quot;, &amp;quot;Hakkar&amp;apos;s Chains&amp;quot;, &amp;quot;Exposed Head of Magmaw&amp;quot;, &amp;quot;Battleground Demolisher&amp;quot;, &amp;quot;Ozumat&amp;quot;, &amp;quot;Right Foot&amp;quot;, &amp;quot;Left Foot&amp;quot;, &amp;quot;Icy Tomb&amp;quot;, &amp;quot;Risen Ghoul&amp;quot;, &amp;quot;Mana Void&amp;quot;, &amp;quot;Burning Tendons&amp;quot;, &amp;quot;Wing Tentacle&amp;quot;, &amp;quot;Arm Tentacle&amp;quot;, &amp;quot;Twilight Assault Drake&amp;quot; }
local noaggromobs = nil
local immunity = nil

for i,v in ipairs(buff) do
  if UnitBuffID(&amp;quot;target&amp;quot;,v) then immunity = 1 end
end

for i,v in ipairs(mob) do
  if UnitName(&amp;quot;target&amp;quot;) == v then noaggromobs = 1 end
end

if UnitIsDead(&amp;quot;target&amp;quot;)
or immunity
or UnitCanAttack(&amp;quot;player&amp;quot;,&amp;quot;target&amp;quot;) == nil
or (UnitAffectingCombat(&amp;quot;target&amp;quot;) == nil and noaggromobs == nil and UnitIsPlayer(&amp;quot;target&amp;quot;) == nil)
or tonumber(UnitGUID(&amp;quot;target&amp;quot;):sub(5,5),16) == 4
then return true end</Lua><RecastDelay>0</RecastDelay><Target>Target</Target><CancelChannel>False</CancelChannel><LuaBefore></LuaBefore><LuaAfter></LuaAfter></Ability><Ability><Name>--- defensive spells ---</Name><Default>false</Default><SpellID>0</SpellID><Actions></Actions><Lua>if IsAltKeyDown()
or IsMounted()
or SpellIsTargeting()
or UnitBuffID(&amp;quot;player&amp;quot;,80169)
then return true end</Lua><RecastDelay>0</RecastDelay><Target>Target</Target><CancelChannel>False</CancelChannel><LuaBefore></LuaBefore><LuaAfter></LuaAfter></Ability><Ability><Name>Pillar of Frost</Name><Default>false</Default><SpellID>51271</SpellID><Actions></Actions><Lua>if 100 * UnitHealth(&amp;quot;target&amp;quot;) / UnitHealthMax(&amp;quot;target&amp;quot;) &amp;lt; 50 
then return true end</Lua><RecastDelay>0</RecastDelay><Target>Target</Target><CancelChannel>False</CancelChannel><LuaBefore></LuaBefore><LuaAfter></LuaAfter></Ability><Ability><Name>Strangulate</Name><Default>false</Default><SpellID>47476</SpellID><Actions></Actions><Lua>if GetSpellCooldown(47528) ~= 0 
and select(9,UnitCastingInfo(&amp;quot;target&amp;quot;)) == false 
then return true end</Lua><RecastDelay>0</RecastDelay><Target>Target</Target><CancelChannel>False</CancelChannel><LuaBefore></LuaBefore><LuaAfter></LuaAfter></Ability><Ability><Name>Empower Rune Weapon</Name><Default>false</Default><SpellID>47568</SpellID><Actions></Actions><Lua>if select(3,GetRuneCooldown(1)) == false 
and select(3,GetRuneCooldown(2)) == false 
and select(3,GetRuneCooldown(3)) == false 
and select(3,GetRuneCooldown(4)) == false 
and select(3,GetRuneCooldown(5)) == false 
and select(3,GetRuneCooldown(6)) == false
and 100 * UnitHealth(&amp;quot;target&amp;quot;) / UnitHealthMax(&amp;quot;target&amp;quot;) &amp;lt; 50 
then return true end</Lua><RecastDelay>0</RecastDelay><Target>Target</Target><CancelChannel>False</CancelChannel><LuaBefore></LuaBefore><LuaAfter></LuaAfter></Ability><Ability><Name>Anti-Magic Shell</Name><Default>false</Default><SpellID>48707</SpellID><Actions></Actions><Lua>local i = 1
local buff,_,_,_,bufftype = UnitDebuff(&amp;quot;player&amp;quot;, i)
while buff do
  if bufftype then return true end
  i = i + 1;
  buff,_,_,_,bufftype = UnitDebuff(&amp;quot;player&amp;quot;, i)
end</Lua><RecastDelay>0</RecastDelay><Target>Target</Target><CancelChannel>False</CancelChannel><LuaBefore></LuaBefore><LuaAfter></LuaAfter></Ability><Ability><Name>Will of the Forsaken</Name><Default>false</Default><SpellID>7744</SpellID><Actions></Actions><Lua>local debuff = { 10326, 8122, 2094, 5782, 5484, 6358, 5246 }

for i,v in ipairs(debuff) do
  if UnitDebuffID(&amp;quot;player&amp;quot;,v) then return true end 
end</Lua><RecastDelay>0</RecastDelay><Target>Target</Target><CancelChannel>False</CancelChannel><LuaBefore></LuaBefore><LuaAfter></LuaAfter></Ability><Ability><Name>Icebound Fortitude</Name><Default>false</Default><SpellID>48792</SpellID><Actions></Actions><Lua>local debuff = { 5211, 9005, 71757, 853, 1833, 12809, 46968 }

for i,v in ipairs(debuff) do
  if UnitDebuffID(&amp;quot;player&amp;quot;,v) then return true end 
end</Lua><RecastDelay>0</RecastDelay><Target>Target</Target><CancelChannel>False</CancelChannel><LuaBefore></LuaBefore><LuaAfter></LuaAfter></Ability><Ability><Name>Obliterate</Name><Default>false</Default><SpellID>49020</SpellID><Actions></Actions><Lua>if UnitBuffID(&amp;quot;player&amp;quot;,51124) 
then return true end</Lua><RecastDelay>0</RecastDelay><Target>Target</Target><CancelChannel>False</CancelChannel><LuaBefore></LuaBefore><LuaAfter></LuaAfter></Ability><Ability><Name>Blood Tap</Name><Default>false</Default><SpellID>45529</SpellID><Actions></Actions><Lua>if select(3,GetRuneCooldown(1)) == false 
and select(3,GetRuneCooldown(2)) == false 
and UnitBuffID(&amp;quot;player&amp;quot;,49039) == nil 
and UnitBuffID(&amp;quot;player&amp;quot;,51124) 
then return true end</Lua><RecastDelay>0</RecastDelay><Target>Target</Target><CancelChannel>False</CancelChannel><LuaBefore></LuaBefore><LuaAfter></LuaAfter></Ability></DEATHKNIGHT>