<?xml version="1.0" encoding="utf-8" ?><ROGUE><Rotation><RotationName>Mut: PvE</RotationName><RotationDefault>false</RotationDefault><RotationList>Mut: Vanish|Mut: Garrote|Mut/CB: Recuperate|Mut/CB: Slice and Dice|Mut: Rupture|Mut: Vendetta|Mut: Envenom|Mut: Backstab|Mut: Mutilate</RotationList><RequireCombat>true</RequireCombat><RotationNotes></RotationNotes></Rotation><Rotation><RotationName>CB: PvE</RotationName><RotationDefault>false</RotationDefault><RotationList>CB: Adrenaline Rush|Mut/CB: Recuperate|CB: Killing Spree|All: Shiv|Mut/CB: Slice and Dice|CB: Rupture|CB: Eviscerate|CB: Sinister Strike|CB: Revealing Strike</RotationList><RequireCombat>true</RequireCombat><RotationNotes></RotationNotes></Rotation><Rotation><RotationName>Sub: PE</RotationName><RotationDefault>false</RotationDefault><RotationList>All: Shiv|Sub: Shadow Dance|Sub: Vanish|Sub: Eviscerate|Sub: Rupture|Sub: Slice and Dice|Sub: Recuperate|Sub: Ambush|Sub: Hemo</RotationList><RequireCombat>true</RequireCombat><RotationNotes></RotationNotes></Rotation></ROGUE>