<?xml version="1.0" encoding="utf-8" ?><MAGE><Ability><Name>USE: Gloves</Name><Default>false</Default><SpellID>0</SpellID><Actions></Actions><Lua>local _,cd,havecd = GetInventoryItemCooldown(&amp;quot;player&amp;quot;,10)

if cd == 0 and havecd == 1  
and UnitChannelInfo(&amp;quot;player&amp;quot;) == nil 
then 
  UseInventoryItem(10) 
  return true
end</Lua><RecastDelay>0</RecastDelay><Target>Target</Target><CancelChannel>False</CancelChannel><LuaBefore></LuaBefore><LuaAfter></LuaAfter></Ability><Ability><Name>Flame Orb</Name><Default>false</Default><SpellID>82731</SpellID><Actions></Actions><Lua>if CheckInteractDistance(&amp;quot;target&amp;quot;, 1) == 1 then
  return true
end</Lua><RecastDelay>0</RecastDelay><Target>Target</Target><CancelChannel>False</CancelChannel><LuaBefore></LuaBefore><LuaAfter></LuaAfter></Ability><Ability><Name>Mirror Image</Name><Default>false</Default><SpellID>55342</SpellID><Actions></Actions><Lua>if UnitHealthMax(&amp;quot;target&amp;quot;) &amp;gt; UnitHealthMax(&amp;quot;player&amp;quot;)*10 
then return true end</Lua><RecastDelay>0</RecastDelay><Target>Player</Target><CancelChannel>False</CancelChannel><LuaBefore></LuaBefore><LuaAfter></LuaAfter></Ability><Ability><Name>Evocation</Name><Default>false</Default><SpellID>12051</SpellID><Actions></Actions><Lua>if UnitAffectingCombat(&amp;quot;player&amp;quot;) 
and 100 * UnitPower(&amp;quot;player&amp;quot;) / UnitPowerMax(&amp;quot;player&amp;quot;) &amp;lt; 35 
then return true end</Lua><RecastDelay>0</RecastDelay><Target>Player</Target><CancelChannel>False</CancelChannel><LuaBefore></LuaBefore><LuaAfter></LuaAfter></Ability><Ability><Name>Spellsteal</Name><Default>false</Default><SpellID>30449</SpellID><Actions></Actions><Lua>buff = { 43242, 92965, 93631, 76634, 88186, 76307, 31884, 2825, 32182, 80353, 1719, 17, 33763, 96802, 6940, 102599 }
local havebuff = nil

for i,v in ipairs(buff) do
  local _,_,_,_,_,_,_,_,isStealable = UnitBuffID(&amp;quot;target&amp;quot;,v)
  if isStealable then havebuff = 1 end
end

if havebuff then return true end</Lua><RecastDelay>500</RecastDelay><Target>Target</Target><CancelChannel>False</CancelChannel><LuaBefore></LuaBefore><LuaAfter></LuaAfter></Ability><Ability><Name>--- offensive spells ---</Name><Default>false</Default><SpellID>0</SpellID><Actions></Actions><Lua>local buff = { 642, 45438, 31224, 23920, 33786, 19263, 97417, 97977, 102915, 100686, 105784 }
local mob = { &amp;quot;Training Dummy&amp;quot;, &amp;quot;Raider&amp;apos;s Training Dummy&amp;quot;, &amp;quot;Twisted Spirit&amp;quot;, &amp;quot;Amani´shi Hatcher&amp;quot;, &amp;quot;Hakkar&amp;apos;s Chains&amp;quot;, &amp;quot;Exposed Head of Magmaw&amp;quot;, &amp;quot;Battleground Demolisher&amp;quot;, &amp;quot;Ozumat&amp;quot;, &amp;quot;Right Foot&amp;quot;, &amp;quot;Left Foot&amp;quot;, &amp;quot;Icy Tomb&amp;quot;, &amp;quot;Risen Ghoul&amp;quot;, &amp;quot;Mana Void&amp;quot;, &amp;quot;Burning Tendons&amp;quot;, &amp;quot;Wing Tentacle&amp;quot;, &amp;quot;Arm Tentacle&amp;quot;, &amp;quot;Twilight Assault Drake&amp;quot; }
local noaggromobs = nil
local immunity = nil

for i,v in ipairs(buff) do
  if UnitBuffID(&amp;quot;target&amp;quot;,v) then immunity = 1 end
end

for i,v in ipairs(mob) do
  if UnitName(&amp;quot;target&amp;quot;) == v then noaggromobs = 1 end
end

if UnitIsDead(&amp;quot;target&amp;quot;)
or immunity
or UnitCanAttack(&amp;quot;player&amp;quot;,&amp;quot;target&amp;quot;) == nil
or (UnitAffectingCombat(&amp;quot;target&amp;quot;) == nil and noaggromobs == nil and UnitIsPlayer(&amp;quot;target&amp;quot;) == nil)
or tonumber(UnitGUID(&amp;quot;target&amp;quot;):sub(5,5),16) == 4
then return true end</Lua><RecastDelay>0</RecastDelay><Target>Target</Target><CancelChannel>False</CancelChannel><LuaBefore></LuaBefore><LuaAfter></LuaAfter></Ability><Ability><Name>Arcane Brilliance</Name><Default>false</Default><SpellID>1459</SpellID><Actions></Actions><Lua>if UnitBuffID(&amp;quot;player&amp;quot;, 1459) == nil and UnitAffectingCombat(&amp;quot;player&amp;quot;) == nil then
  return true
end</Lua><RecastDelay>500</RecastDelay><Target>Player</Target><CancelChannel>False</CancelChannel><LuaBefore></LuaBefore><LuaAfter></LuaAfter></Ability><Ability><Name>Mana Gem (Use)</Name><Default>false</Default><SpellID>0</SpellID><Actions></Actions><Lua>local manapercent = 100 * UnitPower(&amp;quot;player&amp;quot;) / UnitPowerMax(&amp;quot;player&amp;quot;)

if manapercent &amp;lt; 90 
and GetItemCount(36799) == 1 
and GetItemCooldown(36799) == 0 
and UnitAffectingCombat(&amp;quot;player&amp;quot;)  
and UnitChannelInfo(&amp;quot;player&amp;quot;)  == nil 
and (UnitBuffID(&amp;quot;player&amp;quot;,12042) or IsSpellKnown(12042) == false)
then 
  local name = GetItemInfo(36799)
  UseItemByName(name)
  return true 
end</Lua><RecastDelay>0</RecastDelay><Target>Player</Target><CancelChannel>False</CancelChannel><LuaBefore></LuaBefore><LuaAfter></LuaAfter></Ability><Ability><Name>Mana Gem (Create)</Name><Default>false</Default><SpellID>759</SpellID><Actions></Actions><Lua>if GetItemCount(36799) == 0 
and UnitAffectingCombat(&amp;quot;player&amp;quot;) == nil 
and PQR_IsMoving(1) == false
then return true end</Lua><RecastDelay>500</RecastDelay><Target>Player</Target><CancelChannel>False</CancelChannel><LuaBefore></LuaBefore><LuaAfter></LuaAfter></Ability><Ability><Name>USE: Trinket 1</Name><Default>false</Default><SpellID>0</SpellID><Actions></Actions><Lua>local _,cd,havecd = GetInventoryItemCooldown(&amp;quot;player&amp;quot;,13)

if cd == 0 and havecd == 1  
and UnitChannelInfo(&amp;quot;player&amp;quot;) == nil 
then 
  UseInventoryItem(13) 
  return true
end</Lua><RecastDelay>0</RecastDelay><Target>Target</Target><CancelChannel>False</CancelChannel><LuaBefore></LuaBefore><LuaAfter></LuaAfter></Ability><Ability><Name>USE: Trinket 2</Name><Default>false</Default><SpellID>0</SpellID><Actions></Actions><Lua>local _,cd,havecd = GetInventoryItemCooldown(&amp;quot;player&amp;quot;,14)

if cd == 0 and havecd == 1  
and UnitChannelInfo(&amp;quot;player&amp;quot;) == nil 
then 
  UseInventoryItem(14) 
  return true
end</Lua><RecastDelay>0</RecastDelay><Target>Target</Target><CancelChannel>False</CancelChannel><LuaBefore></LuaBefore><LuaAfter></LuaAfter></Ability><Ability><Name>Ice Block</Name><Default>false</Default><SpellID>45438</SpellID><Actions></Actions><Lua>playerhp = 100 * UnitHealth(&amp;quot;player&amp;quot;) / UnitHealthMax(&amp;quot;player&amp;quot;)

if playerhp &amp;lt; 10 and UnitAffectingCombat(&amp;quot;player&amp;quot;) and GetSpellCooldown(45438) == 0 then
  return true
end</Lua><RecastDelay>0</RecastDelay><Target>Target</Target><CancelChannel>False</CancelChannel><LuaBefore></LuaBefore><LuaAfter></LuaAfter></Ability><Ability><Name>--- defensive spells ---</Name><Default>false</Default><SpellID>0</SpellID><Actions></Actions><Lua>if IsAltKeyDown()
or IsMounted()
or SpellIsTargeting()
or UnitBuffID(&amp;quot;player&amp;quot;,32612)
or UnitBuffID(&amp;quot;player&amp;quot;,87959)
or UnitChannelInfo(&amp;quot;player&amp;quot;) 
then return true end</Lua><RecastDelay>0</RecastDelay><Target>Target</Target><CancelChannel>False</CancelChannel><LuaBefore></LuaBefore><LuaAfter></LuaAfter></Ability><Ability><Name>Assist Tank</Name><Default>false</Default><SpellID>0</SpellID><Actions></Actions><Lua>if GetNumPartyMembers() &amp;gt; 0 and UnitInRaid(&amp;quot;player&amp;quot;) == nil then

local heisthetank = nil

for i = 1, GetNumPartyMembers(), 1 do
  if UnitGroupRolesAssigned(&amp;quot;party&amp;quot;..tostring(i)) == &amp;quot;TANK&amp;quot; then heisthetank = &amp;quot;party&amp;quot;..tostring(i) end
end

if heisthetank and UnitExists(&amp;quot;target&amp;quot;) == nil 
and UnitAffectingCombat(heisthetank) 
and UnitAffectingCombat(heisthetank..&amp;quot;target&amp;quot;) 
and UnitIsDead(heisthetank..&amp;quot;target&amp;quot;) == nil
and UnitCanAttack(&amp;quot;player&amp;quot;,heisthetank..&amp;quot;target&amp;quot;)
then TargetUnit(heisthetank..&amp;quot;target&amp;quot;) end

end</Lua><RecastDelay>0</RecastDelay><Target>Target</Target><CancelChannel>False</CancelChannel><LuaBefore></LuaBefore><LuaAfter></LuaAfter></Ability><Ability><Name>Molten Armor</Name><Default>false</Default><SpellID>30482</SpellID><Actions></Actions><Lua>if UnitBuffID(&amp;quot;player&amp;quot;, 30482) == nil and UnitAffectingCombat(&amp;quot;player&amp;quot;) == nil then
  return true
end</Lua><RecastDelay>500</RecastDelay><Target>Player</Target><CancelChannel>False</CancelChannel><LuaBefore></LuaBefore><LuaAfter></LuaAfter></Ability><Ability><Name>Scorch</Name><Default>false</Default><SpellID>2948</SpellID><Actions></Actions><Lua>return true</Lua><RecastDelay>0</RecastDelay><Target>Target</Target><CancelChannel>False</CancelChannel><LuaBefore></LuaBefore><LuaAfter></LuaAfter></Ability><Ability><Name>Pyroblast!</Name><Default>false</Default><SpellID>92315</SpellID><Actions></Actions><Lua>CastSpellByName(tostring(GetSpellInfo(92315)))
return true</Lua><RecastDelay>0</RecastDelay><Target>Target</Target><CancelChannel>False</CancelChannel><LuaBefore></LuaBefore><LuaAfter></LuaAfter></Ability><Ability><Name>Living Bomb</Name><Default>false</Default><SpellID>44457</SpellID><Actions></Actions><Lua>if UnitDebuffID(&amp;quot;target&amp;quot;,44457,&amp;quot;PLAYER&amp;quot;) == nil
and UnitHealth(&amp;quot;target&amp;quot;) &amp;gt; UnitHealthMax(&amp;quot;player&amp;quot;) 
then return true end</Lua><RecastDelay>500</RecastDelay><Target>Target</Target><CancelChannel>False</CancelChannel><LuaBefore></LuaBefore><LuaAfter></LuaAfter></Ability><Ability><Name>Fireball</Name><Default>false</Default><SpellID>133</SpellID><Actions></Actions><Lua>if (UnitDebuffID(&amp;quot;target&amp;quot;, 22959) or UnitDebuffID(&amp;quot;target&amp;quot;, 17800) or PQR_IsCastingSpell(2948)) 
and PQR_IsMoving(1) == false 
then return true end</Lua><RecastDelay>0</RecastDelay><Target>Target</Target><CancelChannel>False</CancelChannel><LuaBefore></LuaBefore><LuaAfter></LuaAfter></Ability><Ability><Name>Combustion</Name><Default>false</Default><SpellID>11129</SpellID><Actions></Actions><Lua>if UnitDebuffID(&amp;quot;target&amp;quot;, 44457,&amp;quot;PLAYER&amp;quot;) 
and UnitDebuffID(&amp;quot;target&amp;quot;, 12654,&amp;quot;PLAYER&amp;quot;) 
and UnitDebuffID(&amp;quot;target&amp;quot;, 92315,&amp;quot;PLAYER&amp;quot;) 
then return true end</Lua><RecastDelay>0</RecastDelay><Target>Target</Target><CancelChannel>False</CancelChannel><LuaBefore></LuaBefore><LuaAfter></LuaAfter></Ability><Ability><Name>Fire Blast</Name><Default>false</Default><SpellID>2136</SpellID><Actions></Actions><Lua>if IsLeftShiftKeyDown() and GetCurrentKeyBoardFocus() == nil 
and UnitBuffID(&amp;quot;player&amp;quot;, 64343) 
then return true end</Lua><RecastDelay>0</RecastDelay><Target>Target</Target><CancelChannel>False</CancelChannel><LuaBefore></LuaBefore><LuaAfter></LuaAfter></Ability><Ability><Name>Dragon&amp;apos;s Breath</Name><Default>false</Default><SpellID>31661</SpellID><Actions></Actions><Lua>if IsLeftShiftKeyDown() and GetCurrentKeyBoardFocus() == nil and UnitChannelInfo(&amp;quot;player&amp;quot;)  == nil 
and CheckInteractDistance(&amp;quot;target&amp;quot;, 3) 
then return true end</Lua><RecastDelay>0</RecastDelay><Target>Target</Target><CancelChannel>False</CancelChannel><LuaBefore></LuaBefore><LuaAfter></LuaAfter></Ability><Ability><Name>Blast Wave</Name><Default>false</Default><SpellID>0</SpellID><Actions></Actions><Lua>if IsLeftShiftKeyDown() and GetCurrentKeyBoardFocus() == nil and UnitChannelInfo(&amp;quot;player&amp;quot;)  == nil 
and select(2,GetSpellCooldown(11113)) ~= 15 
then 
  CastSpellByName(tostring(GetSpellInfo(11113)))
  if SpellIsTargeting() then CameraOrSelectOrMoveStart() CameraOrSelectOrMoveStop() end 
  return true 
end</Lua><RecastDelay>0</RecastDelay><Target>Target</Target><CancelChannel>False</CancelChannel><LuaBefore></LuaBefore><LuaAfter></LuaAfter></Ability><Ability><Name>Flamestrike</Name><Default>false</Default><SpellID>0</SpellID><Actions></Actions><Lua>if IsLeftShiftKeyDown() and GetCurrentKeyBoardFocus() == nil and UnitChannelInfo(&amp;quot;player&amp;quot;)  == nil 
then 
  CastSpellByName(tostring(GetSpellInfo(2120)))
  if SpellIsTargeting() then CameraOrSelectOrMoveStart() CameraOrSelectOrMoveStop() end 
  return true 
end</Lua><RecastDelay>0</RecastDelay><Target>Target</Target><CancelChannel>False</CancelChannel><LuaBefore></LuaBefore><LuaAfter></LuaAfter></Ability><Ability><Name>- Special: Faerie Cannon</Name><Default>false</Default><SpellID>0</SpellID><Actions></Actions><Lua>local canontime = select(7,UnitBuffID(&amp;quot;player&amp;quot;,102116))
local droptime = 1.15

if canontime and canontime - GetTime() &amp;lt; droptime 
then 
  CancelUnitBuff(&amp;quot;player&amp;quot;,&amp;quot;Magic Wings&amp;quot;)
end</Lua><RecastDelay>0</RecastDelay><Target>Target</Target><CancelChannel>False</CancelChannel><LuaBefore></LuaBefore><LuaAfter></LuaAfter></Ability></MAGE>