<?xml version="1.0" encoding="utf-8" ?><MAGE><Rotation><RotationName>Frost PvP [2/8/31]</RotationName><RotationDefault>false</RotationDefault><RotationList>--- defensive spells ---|Cold Snap|Ice Block|Polymorph|Ring of Frost|Time Warp|Mage Armor|Arcane Brilliance|Water Elemental|Mana Gem (Create)|Mana Gem (Use)|Ice Barrier|Blink|Mage Ward|Remove Curse|--- offensive spells ---|USE: Trinket 1|USE: Trinket 2|USE: Gloves|Mirror Image PvP|Spellsteal|Deep Freeze|Frostfire Bolt|Fire Blast|Frost Nova|Cone of Cold|Frostfire Orb|Frostbolt|Ice Lance</RotationList><RequireCombat>false</RequireCombat><RotationNotes>-- Tested with this build
http://www.wowhead.com/talent#oMZcbzbZffdhshszMo

-- Hotkeys
Hold down ALT pause rotation
Hold Down LEFT SHIFT to cast Ring of Frost at mouse position
Hold down LEFT CONTROL to cast Polymorph on mouseover
Hold down RIGHT CONTROL to use Time Warp

-- Useful spells not included on the rotation
Evocation, Freeze Nova from Water Elemental

-- Behaviour
If you are target a ranged class try to place close than 10 yards to use short ranged spells like Frost Nova or Cone of Cold</RotationNotes></Rotation></MAGE>