<?xml version="1.0" encoding="utf-8" ?><WARRIOR><Ability><Name>USE: Gloves</Name><Default>false</Default><SpellID>0</SpellID><Actions></Actions><Lua>if GetInventoryItemCooldown(&amp;quot;player&amp;quot;,10) == 0 then UseInventoryItem(10) end</Lua><RecastDelay>500</RecastDelay><Target>Target</Target><CancelChannel>False</CancelChannel><LuaBefore></LuaBefore><LuaAfter></LuaAfter></Ability><Ability><Name>USE: Trinket 1</Name><Default>false</Default><SpellID>0</SpellID><Actions></Actions><Lua>if GetInventoryItemCooldown(&amp;quot;player&amp;quot;,13) == 0 then UseInventoryItem(13) end</Lua><RecastDelay>500</RecastDelay><Target>Target</Target><CancelChannel>False</CancelChannel><LuaBefore></LuaBefore><LuaAfter></LuaAfter></Ability><Ability><Name>USE: Trinket 2</Name><Default>false</Default><SpellID>0</SpellID><Actions></Actions><Lua>if GetInventoryItemCooldown(&amp;quot;player&amp;quot;,14) == 0 then UseInventoryItem(14) end</Lua><RecastDelay>500</RecastDelay><Target>Target</Target><CancelChannel>False</CancelChannel><LuaBefore></LuaBefore><LuaAfter></LuaAfter></Ability><Ability><Name>--- defensive spells ---</Name><Default>false</Default><SpellID>0</SpellID><Actions></Actions><Lua>if modkeytime == nil then modkeytime = 0 end
if IsRightControlKeyDown() and GetTime() - modkeytime &amp;gt; 1  then
  modkeytime = GetTime()
  if modkeystate then 
    modkeystate = nil 
    print(&amp;quot;Rotation mode: \124cFFDBFA2ASingle target&amp;quot;)
  else 
    modkeystate = 1 
    print(&amp;quot;Rotation mode: \124cFFFA652AArea of Effect&amp;quot;)
  end
end

if IsAltKeyDown()
or IsMounted()
or SpellIsTargeting()
or UnitBuffID(&amp;quot;player&amp;quot;,80169)
then return true end</Lua><RecastDelay>0</RecastDelay><Target>Target</Target><CancelChannel>False</CancelChannel><LuaBefore></LuaBefore><LuaAfter></LuaAfter></Ability><Ability><Name>--- offensive spells ---</Name><Default>false</Default><SpellID>0</SpellID><Actions></Actions><Lua>local buff = { 642, 45438, 31224, 23920, 33786, 19263, 97417, 97977, 102915, 100686, 105784 }
local mob = { &amp;quot;Training Dummy&amp;quot;, &amp;quot;Raider&amp;apos;s Training Dummy&amp;quot;, &amp;quot;Twisted Spirit&amp;quot;, &amp;quot;Amani´shi Hatcher&amp;quot;, &amp;quot;Hakkar&amp;apos;s Chains&amp;quot;, &amp;quot;Exposed Head of Magmaw&amp;quot;, &amp;quot;Battleground Demolisher&amp;quot;, &amp;quot;Ozumat&amp;quot;, &amp;quot;Right Foot&amp;quot;, &amp;quot;Left Foot&amp;quot;, &amp;quot;Icy Tomb&amp;quot;, &amp;quot;Risen Ghoul&amp;quot;, &amp;quot;Mana Void&amp;quot;, &amp;quot;Burning Tendons&amp;quot;, &amp;quot;Wing Tentacle&amp;quot;, &amp;quot;Arm Tentacle&amp;quot;, &amp;quot;Twilight Assault Drake&amp;quot; }
local noaggromobs = nil
local immunity = nil

for i,v in ipairs(buff) do
  if UnitBuffID(&amp;quot;target&amp;quot;,v) then immunity = 1 end
end

for i,v in ipairs(mob) do
  if UnitName(&amp;quot;target&amp;quot;) == v then noaggromobs = 1 end
end

if UnitIsDead(&amp;quot;target&amp;quot;)
or immunity
or UnitCanAttack(&amp;quot;player&amp;quot;,&amp;quot;target&amp;quot;) == nil
or (UnitAffectingCombat(&amp;quot;target&amp;quot;) == nil and noaggromobs == nil and UnitIsPlayer(&amp;quot;target&amp;quot;) == nil)
or tonumber(UnitGUID(&amp;quot;target&amp;quot;):sub(5,5),16) == 4
then return true end</Lua><RecastDelay>0</RecastDelay><Target>Target</Target><CancelChannel>False</CancelChannel><LuaBefore></LuaBefore><LuaAfter></LuaAfter></Ability><Ability><Name>Inner Rage</Name><Default>false</Default><SpellID>1134</SpellID><Actions></Actions><Lua>if UnitPower(&amp;quot;player&amp;quot;) &amp;gt;= 90 
then return true end</Lua><RecastDelay>0</RecastDelay><Target>Target</Target><CancelChannel>False</CancelChannel><LuaBefore></LuaBefore><LuaAfter></LuaAfter></Ability><Ability><Name>Heroic Strike / Cleave</Name><Default>false</Default><SpellID>0</SpellID><Actions></Actions><Lua>if UnitPower(&amp;quot;player&amp;quot;) &amp;gt;= 65 
and GetSpellCooldown(78) == 0 
then
  if modkeystate then 
    CastSpellByID(845) 
    return true
  else 
    CastSpellByID(78) 
    return true 
  end
end</Lua><RecastDelay>0</RecastDelay><Target>Target</Target><CancelChannel>False</CancelChannel><LuaBefore></LuaBefore><LuaAfter></LuaAfter></Ability><Ability><Name>Battle Shout</Name><Default>false</Default><SpellID>6673</SpellID><Actions></Actions><Lua>if UnitExists(&amp;quot;target&amp;quot;) 
and UnitCanAttack(&amp;quot;player&amp;quot;,&amp;quot;target&amp;quot;) 
and UnitPower(&amp;quot;player&amp;quot;) &amp;lt; 60 
then return true end</Lua><RecastDelay>0</RecastDelay><Target>Target</Target><CancelChannel>False</CancelChannel><LuaBefore></LuaBefore><LuaAfter></LuaAfter></Ability><Ability><Name>Autotarget</Name><Default>false</Default><SpellID>0</SpellID><Actions></Actions><Lua>if UnitAffectingCombat(&amp;quot;player&amp;quot;) 
and UnitExists(&amp;quot;target&amp;quot;) == nil 
then TargetNearestEnemy() end</Lua><RecastDelay>0</RecastDelay><Target>Target</Target><CancelChannel>False</CancelChannel><LuaBefore></LuaBefore><LuaAfter></LuaAfter></Ability><Ability><Name>Victory Rush</Name><Default>false</Default><SpellID>34428</SpellID><Actions></Actions><Lua>if 100 * UnitHealth(&amp;quot;player&amp;quot;) / UnitHealthMax(&amp;quot;player&amp;quot;) &amp;lt; 80 
then return true end</Lua><RecastDelay>0</RecastDelay><Target>Target</Target><CancelChannel>False</CancelChannel><LuaBefore></LuaBefore><LuaAfter></LuaAfter></Ability><Ability><Name>Sunder Armor</Name><Default>false</Default><SpellID>7386</SpellID><Actions></Actions><Lua>if UnitHealthMax(&amp;quot;target&amp;quot;) &amp;gt; UnitHealthMax(&amp;quot;player&amp;quot;)*10 and UnitAffectingCombat(&amp;quot;player&amp;quot;) then

buff = { 58567, 91565, 8647, 95467, 95466 }
local _,_,_,count,_,_,timer,caster = UnitDebuffID(&amp;quot;target&amp;quot;,58567)
local armordebuff = nil

for i,v in ipairs(buff) do
 if UnitDebuffID(&amp;quot;target&amp;quot;,v) then armordebuff = 1 end
end

if armordebuff == nil and lastarmorcheck == nil then lastarmorcheck = GetTime() end
if lastarmorcheck and GetTime()-lastarmorcheck &amp;gt; 10 and IsUsableSpell(7386) then
  lastarmorcheck = nil
  return true
end

if armordebuff and caster == &amp;quot;player&amp;quot; then
  if count &amp;lt; 3 or timer-GetTime() &amp;lt; 3 then
    return true
  end
end

end</Lua><RecastDelay>500</RecastDelay><Target>Target</Target><CancelChannel>False</CancelChannel><LuaBefore></LuaBefore><LuaAfter></LuaAfter></Ability><Ability><Name>Execute</Name><Default>false</Default><SpellID>5308</SpellID><Actions></Actions><Lua>if 100 * UnitHealth(&amp;quot;target&amp;quot;) / UnitHealthMax(&amp;quot;target&amp;quot;) &amp;lt; 20 
and (select(4,UnitBuffID(&amp;quot;player&amp;quot;,90806)) ~= 5 or UnitPower(&amp;quot;player&amp;quot;) &amp;gt; 65) 
then return true end</Lua><RecastDelay>0</RecastDelay><Target>Target</Target><CancelChannel>False</CancelChannel><LuaBefore></LuaBefore><LuaAfter></LuaAfter></Ability><Ability><Name>Colossus Smash</Name><Default>false</Default><SpellID>86346</SpellID><Actions></Actions><Lua>return true</Lua><RecastDelay>0</RecastDelay><Target>Target</Target><CancelChannel>False</CancelChannel><LuaBefore></LuaBefore><LuaAfter></LuaAfter></Ability><Ability><Name>Bloodthirst</Name><Default>false</Default><SpellID>23881</SpellID><Actions></Actions><Lua>return true</Lua><RecastDelay>0</RecastDelay><Target>Target</Target><CancelChannel>False</CancelChannel><LuaBefore></LuaBefore><LuaAfter></LuaAfter></Ability><Ability><Name>Berserker Rage</Name><Default>false</Default><SpellID>18499</SpellID><Actions></Actions><Lua>if UnitBuffID(&amp;quot;player&amp;quot;, 14202) 
and 100 * UnitHealth(&amp;quot;target&amp;quot;) / UnitHealthMax(&amp;quot;target&amp;quot;) &amp;gt;= 20 
then return true end</Lua><RecastDelay>0</RecastDelay><Target>Target</Target><CancelChannel>False</CancelChannel><LuaBefore></LuaBefore><LuaAfter></LuaAfter></Ability><Ability><Name>Raging Blow</Name><Default>false</Default><SpellID>85288</SpellID><Actions></Actions><Lua>return true</Lua><RecastDelay>0</RecastDelay><Target>Target</Target><CancelChannel>False</CancelChannel><LuaBefore></LuaBefore><LuaAfter></LuaAfter></Ability><Ability><Name>Slam</Name><Default>false</Default><SpellID>1464</SpellID><Actions></Actions><Lua>if UnitBuffID(&amp;quot;player&amp;quot;, 46916) 
then return true end</Lua><RecastDelay>500</RecastDelay><Target>Target</Target><CancelChannel>False</CancelChannel><LuaBefore></LuaBefore><LuaAfter></LuaAfter></Ability><Ability><Name>Whirlwind</Name><Default>false</Default><SpellID>1680</SpellID><Actions></Actions><Lua>if CheckInteractDistance(&amp;quot;target&amp;quot;, 3) 
and modkeystate 
then return true end</Lua><RecastDelay>0</RecastDelay><Target>Target</Target><CancelChannel>False</CancelChannel><LuaBefore></LuaBefore><LuaAfter></LuaAfter></Ability></WARRIOR>