<?xml version="1.0" encoding="utf-8" ?><MAGE><Ability><Name>USE: Gloves</Name><Default>false</Default><SpellID>0</SpellID><Actions></Actions><Lua>local _,_,_,count = UnitDebuffID(&amp;quot;player&amp;quot;,36032)
if count == 4 and GetInventoryItemCooldown(&amp;quot;player&amp;quot;,10) == 0 then UseInventoryItem(10) end</Lua><RecastDelay>0</RecastDelay><Target>Target</Target><CancelChannel>False</CancelChannel><LuaBefore></LuaBefore><LuaAfter></LuaAfter></Ability><Ability><Name>Spellsteal</Name><Default>false</Default><SpellID>30449</SpellID><Actions></Actions><Lua>buff = { 43242, 92965, 93631, 76634, 88186, 76307, 31884, 2825, 32182, 80353, 1719, 17, 33763, 96802, 6940 }
local havebuff = nil

for i,v in ipairs(buff) do
  local _,_,_,_,_,_,_,_,isStealable = UnitBuffID(&amp;quot;target&amp;quot;,v)
  if isStealable then havebuff = 1 end
end

if havebuff then return true end</Lua><RecastDelay>500</RecastDelay><Target>Target</Target><CancelChannel>False</CancelChannel><LuaBefore></LuaBefore><LuaAfter></LuaAfter></Ability><Ability><Name>Ice Barrier</Name><Default>false</Default><SpellID>11426</SpellID><Actions></Actions><Lua>if UnitBuffID(&amp;quot;player&amp;quot;,11426) == nil then
 return true
end</Lua><RecastDelay>0</RecastDelay><Target>Target</Target><CancelChannel>False</CancelChannel><LuaBefore></LuaBefore><LuaAfter></LuaAfter></Ability><Ability><Name>Frostbolt</Name><Default>false</Default><SpellID>116</SpellID><Actions></Actions><Lua>if UnitBuffID(&amp;quot;player&amp;quot;,44544) == nil and PQR_IsMoving(1) == false then return true end</Lua><RecastDelay>0</RecastDelay><Target>Target</Target><CancelChannel>False</CancelChannel><LuaBefore></LuaBefore><LuaAfter></LuaAfter></Ability><Ability><Name>Deep Freeze</Name><Default>false</Default><SpellID>44572</SpellID><Actions></Actions><Lua>return true</Lua><RecastDelay>0</RecastDelay><Target>Target</Target><CancelChannel>False</CancelChannel><LuaBefore></LuaBefore><LuaAfter></LuaAfter></Ability><Ability><Name>Frostfire Orb</Name><Default>false</Default><SpellID>82731</SpellID><Actions></Actions><Lua>if CheckInteractDistance(&amp;quot;target&amp;quot;, 3) == 1 then
  return true
end</Lua><RecastDelay>0</RecastDelay><Target>Target</Target><CancelChannel>False</CancelChannel><LuaBefore></LuaBefore><LuaAfter></LuaAfter></Ability><Ability><Name>Fire Blast</Name><Default>false</Default><SpellID>2136</SpellID><Actions></Actions><Lua>return true</Lua><RecastDelay>0</RecastDelay><Target>Target</Target><CancelChannel>False</CancelChannel><LuaBefore></LuaBefore><LuaAfter></LuaAfter></Ability><Ability><Name>Ice Lance</Name><Default>false</Default><SpellID>30455</SpellID><Actions></Actions><Lua>return true</Lua><RecastDelay>0</RecastDelay><Target>Target</Target><CancelChannel>False</CancelChannel><LuaBefore></LuaBefore><LuaAfter></LuaAfter></Ability><Ability><Name>Frost Nova</Name><Default>false</Default><SpellID>122</SpellID><Actions></Actions><Lua>local freedom = UnitBuffID(&amp;quot;target&amp;quot;,1044)
local bladestorm = UnitBuffID(&amp;quot;target&amp;quot;,46924)

if freedom == nil and bladestorm == nil then
if UnitBuffID(&amp;quot;player&amp;quot;,44544) == nil and CheckInteractDistance(&amp;quot;target&amp;quot;, 3) == 1 then
  return true
end
end</Lua><RecastDelay>0</RecastDelay><Target>Target</Target><CancelChannel>False</CancelChannel><LuaBefore></LuaBefore><LuaAfter></LuaAfter></Ability><Ability><Name>Cone of Cold</Name><Default>false</Default><SpellID>120</SpellID><Actions></Actions><Lua>if UnitBuffID(&amp;quot;player&amp;quot;,44544) == nil and UnitDebuffID(&amp;quot;target&amp;quot;,122) == nil and CheckInteractDistance(&amp;quot;target&amp;quot;, 3) == 1 then
  return true
end</Lua><RecastDelay>0</RecastDelay><Target>Target</Target><CancelChannel>False</CancelChannel><LuaBefore></LuaBefore><LuaAfter></LuaAfter></Ability><Ability><Name>Ring of Frost</Name><Default>false</Default><SpellID>82676</SpellID><Actions></Actions><Lua>if IsLeftShiftKeyDown() and GetCurrentKeyBoardFocus() == nil then
  return true
end</Lua><RecastDelay>0</RecastDelay><Target>Click</Target><CancelChannel>False</CancelChannel><LuaBefore></LuaBefore><LuaAfter></LuaAfter></Ability><Ability><Name>Polymorph</Name><Default>false</Default><SpellID>0</SpellID><Actions></Actions><Lua>if UnitExists(&amp;quot;mouseover&amp;quot;) and UnitIsUnit(&amp;quot;mouseover&amp;quot;,&amp;quot;target&amp;quot;) == nil and IsLeftControlKeyDown() then
  CastSpellByID(118,&amp;quot;mouseover&amp;quot;)
end</Lua><RecastDelay>500</RecastDelay><Target>Target</Target><CancelChannel>False</CancelChannel><LuaBefore></LuaBefore><LuaAfter></LuaAfter></Ability><Ability><Name>Mirror Image PvP</Name><Default>false</Default><SpellID>55342</SpellID><Actions></Actions><Lua>local myheal = 100 * UnitHealth(&amp;quot;player&amp;quot;) / UnitHealthMax(&amp;quot;player&amp;quot;)

if myheal &amp;lt; 60 then
  return true
end</Lua><RecastDelay>0</RecastDelay><Target>Player</Target><CancelChannel>False</CancelChannel><LuaBefore></LuaBefore><LuaAfter></LuaAfter></Ability><Ability><Name>--- offensive spells ---</Name><Default>false</Default><SpellID>0</SpellID><Actions></Actions><Lua>local buff = { 642, 45438, 31224, 23920, 33786, 19263, 97417, 97977, 102915, 100686, 105784 }
local mob = { &amp;quot;Training Dummy&amp;quot;, &amp;quot;Raider&amp;apos;s Training Dummy&amp;quot;, &amp;quot;Twisted Spirit&amp;quot;, &amp;quot;Amani´shi Hatcher&amp;quot;, &amp;quot;Hakkar&amp;apos;s Chains&amp;quot;, &amp;quot;Exposed Head of Magmaw&amp;quot;, &amp;quot;Battleground Demolisher&amp;quot;, &amp;quot;Ozumat&amp;quot;, &amp;quot;Right Foot&amp;quot;, &amp;quot;Left Foot&amp;quot;, &amp;quot;Icy Tomb&amp;quot;, &amp;quot;Risen Ghoul&amp;quot;, &amp;quot;Mana Void&amp;quot;, &amp;quot;Burning Tendons&amp;quot;, &amp;quot;Wing Tentacle&amp;quot;, &amp;quot;Arm Tentacle&amp;quot;, &amp;quot;Twilight Assault Drake&amp;quot; }
local noaggromobs = nil
local immunity = nil

for i,v in ipairs(buff) do
  if UnitBuffID(&amp;quot;target&amp;quot;,v) then immunity = 1 end
end

for i,v in ipairs(mob) do
  if UnitName(&amp;quot;target&amp;quot;) == v then noaggromobs = 1 end
end

if UnitIsDead(&amp;quot;target&amp;quot;)
or immunity
or UnitCanAttack(&amp;quot;player&amp;quot;,&amp;quot;target&amp;quot;) == nil
or (UnitAffectingCombat(&amp;quot;target&amp;quot;) == nil and noaggromobs == nil and UnitIsPlayer(&amp;quot;target&amp;quot;) == nil)
or tonumber(UnitGUID(&amp;quot;target&amp;quot;):sub(5,5),16) == 4
then return true end</Lua><RecastDelay>0</RecastDelay><Target>Target</Target><CancelChannel>False</CancelChannel><LuaBefore></LuaBefore><LuaAfter></LuaAfter></Ability><Ability><Name>Water Elemental</Name><Default>false</Default><SpellID>31687</SpellID><Actions></Actions><Lua>if UnitExists(&amp;quot;pet&amp;quot;) == nil then
  return true
end</Lua><RecastDelay>0</RecastDelay><Target>Target</Target><CancelChannel>False</CancelChannel><LuaBefore></LuaBefore><LuaAfter></LuaAfter></Ability><Ability><Name>Blink</Name><Default>false</Default><SpellID>1953</SpellID><Actions></Actions><Lua>buff = { 1833, 9005, 853, 85388, 6358 }
local starttime = nil

for i,v in ipairs(buff) do
  if UnitDebuffID(&amp;quot;player&amp;quot;,v) then 
    starttime = GetTime()
  end
end

if starttime and starttime + 0.5 &amp;lt; GetTime() then return true end</Lua><RecastDelay>0</RecastDelay><Target>Target</Target><CancelChannel>False</CancelChannel><LuaBefore></LuaBefore><LuaAfter></LuaAfter></Ability><Ability><Name>Arcane Brilliance</Name><Default>false</Default><SpellID>1459</SpellID><Actions></Actions><Lua>if UnitBuffID(&amp;quot;player&amp;quot;, 1459) == nil and UnitAffectingCombat(&amp;quot;player&amp;quot;) == nil then
  return true
end</Lua><RecastDelay>500</RecastDelay><Target>Player</Target><CancelChannel>False</CancelChannel><LuaBefore></LuaBefore><LuaAfter></LuaAfter></Ability><Ability><Name>Mage Armor</Name><Default>false</Default><SpellID>6117</SpellID><Actions></Actions><Lua>if UnitBuffID(&amp;quot;player&amp;quot;, 6117) == nil and UnitAffectingCombat(&amp;quot;player&amp;quot;) == nil then
  return true
end</Lua><RecastDelay>500</RecastDelay><Target>Player</Target><CancelChannel>False</CancelChannel><LuaBefore></LuaBefore><LuaAfter></LuaAfter></Ability><Ability><Name>Time Warp</Name><Default>false</Default><SpellID>80353</SpellID><Actions></Actions><Lua>if IsRightControlKeyDown() then
 return true
end</Lua><RecastDelay>0</RecastDelay><Target>Player</Target><CancelChannel>False</CancelChannel><LuaBefore></LuaBefore><LuaAfter></LuaAfter></Ability><Ability><Name>Mana Gem (Use)</Name><Default>false</Default><SpellID>0</SpellID><Actions></Actions><Lua>local manapercent = 100 * UnitPower(&amp;quot;player&amp;quot;) / UnitPowerMax(&amp;quot;player&amp;quot;)

if manapercent &amp;lt; 90 
and GetItemCount(36799) == 1 
and GetItemCooldown(36799) == 0 
and UnitAffectingCombat(&amp;quot;player&amp;quot;)  
and (UnitBuffID(&amp;quot;player&amp;quot;,12042) or IsSpellKnown(12042) == false)
then 
  local name = GetItemInfo(36799)
  UseItemByName(name)
  return true 
end</Lua><RecastDelay>0</RecastDelay><Target>Player</Target><CancelChannel>False</CancelChannel><LuaBefore></LuaBefore><LuaAfter></LuaAfter></Ability><Ability><Name>Mana Gem (Create)</Name><Default>false</Default><SpellID>759</SpellID><Actions></Actions><Lua>if GetItemCount(36799) == 0 
and UnitAffectingCombat(&amp;quot;player&amp;quot;) == nil 
and PQR_IsMoving(1) == false
then return true end</Lua><RecastDelay>500</RecastDelay><Target>Player</Target><CancelChannel>False</CancelChannel><LuaBefore></LuaBefore><LuaAfter></LuaAfter></Ability><Ability><Name>USE: Trinket 1</Name><Default>false</Default><SpellID>0</SpellID><Actions></Actions><Lua>local _,_,_,count = UnitDebuffID(&amp;quot;player&amp;quot;,36032)
if count == 4 and GetInventoryItemCooldown(&amp;quot;player&amp;quot;,13) == 0 then UseInventoryItem(13) end</Lua><RecastDelay>0</RecastDelay><Target>Target</Target><CancelChannel>False</CancelChannel><LuaBefore></LuaBefore><LuaAfter></LuaAfter></Ability><Ability><Name>USE: Trinket 2</Name><Default>false</Default><SpellID>0</SpellID><Actions></Actions><Lua>local _,_,_,count = UnitDebuffID(&amp;quot;player&amp;quot;,36032)
if count == 4 and GetInventoryItemCooldown(&amp;quot;player&amp;quot;,14) == 0 then UseInventoryItem(14) end</Lua><RecastDelay>0</RecastDelay><Target>Target</Target><CancelChannel>False</CancelChannel><LuaBefore></LuaBefore><LuaAfter></LuaAfter></Ability><Ability><Name>Ice Block</Name><Default>false</Default><SpellID>45438</SpellID><Actions></Actions><Lua>playerhp = 100 * UnitHealth(&amp;quot;player&amp;quot;) / UnitHealthMax(&amp;quot;player&amp;quot;)

if playerhp &amp;lt; 10 and UnitAffectingCombat(&amp;quot;player&amp;quot;) and GetSpellCooldown(45438) == 0 then
  return true
end</Lua><RecastDelay>0</RecastDelay><Target>Target</Target><CancelChannel>False</CancelChannel><LuaBefore></LuaBefore><LuaAfter></LuaAfter></Ability><Ability><Name>Frostfire Bolt</Name><Default>false</Default><SpellID>44614</SpellID><Actions></Actions><Lua>local _, _, _, _, _, _, timer = UnitDebuffID(&amp;quot;target&amp;quot;, 44572)
if timer ~= nil and timer - GetTime() &amp;gt; 2.2 and PQR_IsMoving(1) == false then return true end
if UnitBuffID(&amp;quot;player&amp;quot;,57761) then return true end</Lua><RecastDelay>500</RecastDelay><Target>Target</Target><CancelChannel>False</CancelChannel><LuaBefore></LuaBefore><LuaAfter></LuaAfter></Ability><Ability><Name>Mage Ward</Name><Default>false</Default><SpellID>543</SpellID><Actions></Actions><Lua>if GetSpellCooldown(2139) ~= 0 and UnitCastingInfo(&amp;quot;target&amp;quot;) and UnitIsUnit(&amp;quot;player&amp;quot;,&amp;quot;targettarget&amp;quot;) and SpellIsTargeting() == nil then
  return true
end</Lua><RecastDelay>0</RecastDelay><Target>Target</Target><CancelChannel>False</CancelChannel><LuaBefore></LuaBefore><LuaAfter></LuaAfter></Ability><Ability><Name>Remove Curse</Name><Default>false</Default><SpellID>475</SpellID><Actions></Actions><Lua>local i = 1
local buff,_,_,count,bufftype,duration = UnitDebuff(&amp;quot;player&amp;quot;, i)
while buff do
  if bufftype == &amp;quot;Curse&amp;quot; then return true end
  i = i + 1;
  buff,_,_,count,bufftype,duration = UnitDebuff(&amp;quot;player&amp;quot;, i)
end</Lua><RecastDelay>500</RecastDelay><Target>Player</Target><CancelChannel>False</CancelChannel><LuaBefore></LuaBefore><LuaAfter></LuaAfter></Ability><Ability><Name>Cold Snap</Name><Default>false</Default><SpellID>11958</SpellID><Actions></Actions><Lua>if GetSpellCooldown(12472) ~= 0 and GetSpellCooldown(45438) ~= 0 then
  return true
end</Lua><RecastDelay>0</RecastDelay><Target>Target</Target><CancelChannel>False</CancelChannel><LuaBefore></LuaBefore><LuaAfter></LuaAfter></Ability><Ability><Name>--- defensive spells ---</Name><Default>false</Default><SpellID>0</SpellID><Actions></Actions><Lua>if IsAltKeyDown()
or IsMounted()
or SpellIsTargeting()
or UnitBuffID(&amp;quot;player&amp;quot;,32612)
or UnitBuffID(&amp;quot;player&amp;quot;,87959)
or UnitChannelInfo(&amp;quot;player&amp;quot;) == GetSpellInfo(12051)
then return true end</Lua><RecastDelay>0</RecastDelay><Target>Target</Target><CancelChannel>False</CancelChannel><LuaBefore></LuaBefore><LuaAfter></LuaAfter></Ability></MAGE>