<?xml version="1.0" encoding="utf-8" ?><WARRIOR><Ability><Name>USE: Gloves</Name><Default>false</Default><SpellID>0</SpellID><Actions></Actions><Lua>if GetInventoryItemCooldown(&amp;quot;player&amp;quot;,10) == 0 then UseInventoryItem(10) end</Lua><RecastDelay>500</RecastDelay><Target>Target</Target><CancelChannel>False</CancelChannel><LuaBefore></LuaBefore><LuaAfter></LuaAfter></Ability><Ability><Name>USE: Trinket 1</Name><Default>false</Default><SpellID>0</SpellID><Actions></Actions><Lua>if GetInventoryItemCooldown(&amp;quot;player&amp;quot;,13) == 0 then UseInventoryItem(13) end</Lua><RecastDelay>500</RecastDelay><Target>Target</Target><CancelChannel>False</CancelChannel><LuaBefore></LuaBefore><LuaAfter></LuaAfter></Ability><Ability><Name>USE: Trinket 2</Name><Default>false</Default><SpellID>0</SpellID><Actions></Actions><Lua>if GetInventoryItemCooldown(&amp;quot;player&amp;quot;,14) == 0 then UseInventoryItem(14) end</Lua><RecastDelay>500</RecastDelay><Target>Target</Target><CancelChannel>False</CancelChannel><LuaBefore></LuaBefore><LuaAfter></LuaAfter></Ability><Ability><Name>--- defensive spells ---</Name><Default>false</Default><SpellID>0</SpellID><Actions></Actions><Lua>if modkeytime == nil then modkeytime = 0 end
if IsRightControlKeyDown() and GetTime() - modkeytime &amp;gt; 1  then
  modkeytime = GetTime()
  if modkeystate then 
    modkeystate = nil 
    print(&amp;quot;Rotation mode: \124cFFDBFA2ASingle target&amp;quot;)
  else 
    modkeystate = 1 
    print(&amp;quot;Rotation mode: \124cFFFA652AArea of Effect&amp;quot;)
  end
end

if IsAltKeyDown()
or IsMounted()
or SpellIsTargeting()
or UnitBuffID(&amp;quot;player&amp;quot;,80169)
then return true end</Lua><RecastDelay>0</RecastDelay><Target>Target</Target><CancelChannel>False</CancelChannel><LuaBefore></LuaBefore><LuaAfter></LuaAfter></Ability><Ability><Name>--- offensive spells ---</Name><Default>false</Default><SpellID>0</SpellID><Actions></Actions><Lua>local buff = { 642, 45438, 31224, 23920, 33786, 19263, 97417, 97977, 102915, 100686, 105784 }
local mob = { &amp;quot;Training Dummy&amp;quot;, &amp;quot;Raider&amp;apos;s Training Dummy&amp;quot;, &amp;quot;Twisted Spirit&amp;quot;, &amp;quot;Amani´shi Hatcher&amp;quot;, &amp;quot;Hakkar&amp;apos;s Chains&amp;quot;, &amp;quot;Exposed Head of Magmaw&amp;quot;, &amp;quot;Battleground Demolisher&amp;quot;, &amp;quot;Ozumat&amp;quot;, &amp;quot;Right Foot&amp;quot;, &amp;quot;Left Foot&amp;quot;, &amp;quot;Icy Tomb&amp;quot;, &amp;quot;Risen Ghoul&amp;quot;, &amp;quot;Mana Void&amp;quot;, &amp;quot;Burning Tendons&amp;quot;, &amp;quot;Wing Tentacle&amp;quot;, &amp;quot;Arm Tentacle&amp;quot;, &amp;quot;Twilight Assault Drake&amp;quot; }
local noaggromobs = nil
local immunity = nil

for i,v in ipairs(buff) do
  if UnitBuffID(&amp;quot;target&amp;quot;,v) then immunity = 1 end
end

for i,v in ipairs(mob) do
  if UnitName(&amp;quot;target&amp;quot;) == v then noaggromobs = 1 end
end

if UnitIsDead(&amp;quot;target&amp;quot;)
or immunity
or UnitCanAttack(&amp;quot;player&amp;quot;,&amp;quot;target&amp;quot;) == nil
or (UnitAffectingCombat(&amp;quot;target&amp;quot;) == nil and noaggromobs == nil and UnitIsPlayer(&amp;quot;target&amp;quot;) == nil)
or tonumber(UnitGUID(&amp;quot;target&amp;quot;):sub(5,5),16) == 4
or (UnitGroupRolesAssigned(&amp;quot;targettarget&amp;quot;) == &amp;quot;TANK&amp;quot; and UnitIsUnit(&amp;quot;player&amp;quot;,&amp;quot;targettarget&amp;quot;) == nil and modkeystate == nil) 
then return true end</Lua><RecastDelay>0</RecastDelay><Target>Target</Target><CancelChannel>False</CancelChannel><LuaBefore></LuaBefore><LuaAfter></LuaAfter></Ability><Ability><Name>Commanding/Battle Shout</Name><Default>false</Default><SpellID>0</SpellID><Actions></Actions><Lua>if UnitExists(&amp;quot;target&amp;quot;) 
and UnitCanAttack(&amp;quot;player&amp;quot;,&amp;quot;target&amp;quot;) 
and GetSpellCooldown(469) == 0
and UnitPower(&amp;quot;player&amp;quot;) &amp;lt; 60 
then
  if UnitBuffID(&amp;quot;player&amp;quot;, 79105) == nil 
  and UnitBuffID(&amp;quot;player&amp;quot;, 90364) == nil 
  and UnitBuffID(&amp;quot;player&amp;quot;, 6307) == nil  
  and (UnitBuffID(&amp;quot;player&amp;quot;,469) == nil or select(8,UnitBuffID(&amp;quot;player&amp;quot;,469)) == &amp;quot;player&amp;quot;)
  then 
    CastSpellByID(469) 
    return true
  else 
    CastSpellByID(6673) 
    return true 
  end
end</Lua><RecastDelay>0</RecastDelay><Target>Target</Target><CancelChannel>False</CancelChannel><LuaBefore></LuaBefore><LuaAfter></LuaAfter></Ability><Ability><Name>Vigilance</Name><Default>false</Default><SpellID>0</SpellID><Actions></Actions><Lua>if UnitAffectingCombat(&amp;quot;player&amp;quot;) == nil then

local mytarget = nil
local doneVG = nil
local tophp = 0
local allinrange = 1
local group = &amp;quot;party&amp;quot;
local members = GetNumPartyMembers()

if GetNumRaidMembers() &amp;gt; 0 then
  group = &amp;quot;raid&amp;quot;
  members = GetNumRaidMembers()
end

for i = 1, members, 1 do
  local member = group..tostring(i)
  local memberhp = UnitHealthMax(member)
  local _,_,_,_,_,_,_,source = UnitBuffID(member, 50720)
  if source == &amp;quot;player&amp;quot; then doneVG = 1 end
  if UnitInRange(member) == false then allinrange = nil end
  if memberhp &amp;gt; tophp and UnitInRange(member) and UnitIsUnit(&amp;quot;player&amp;quot;,member) == nil and source == nil and UnitGroupRolesAssigned(&amp;quot;target&amp;quot;) ~= &amp;quot;HEALER&amp;quot; then
    mytarget = member
    tophp = memberhp
  end
end


if mytarget and doneVG == nil and allinrange and UnitIsDead(mytarget) == nil then CastSpellByID(50720, mytarget) end

end</Lua><RecastDelay>500</RecastDelay><Target>Target</Target><CancelChannel>False</CancelChannel><LuaBefore></LuaBefore><LuaAfter></LuaAfter></Ability><Ability><Name>Shield Block</Name><Default>false</Default><SpellID>2565</SpellID><Actions></Actions><Lua>if 100 * UnitHealth(&amp;quot;player&amp;quot;) / UnitHealthMax(&amp;quot;player&amp;quot;) &amp;lt; 90 
then return true end</Lua><RecastDelay>0</RecastDelay><Target>Target</Target><CancelChannel>False</CancelChannel><LuaBefore></LuaBefore><LuaAfter></LuaAfter></Ability><Ability><Name>Enraged Regeneration</Name><Default>false</Default><SpellID>55694</SpellID><Actions></Actions><Lua>if UnitBuffID(&amp;quot;player&amp;quot;, 12976) 
and 100 * UnitHealth(&amp;quot;player&amp;quot;) / UnitHealthMax(&amp;quot;player&amp;quot;) &amp;lt; 90 
then return true end</Lua><RecastDelay>0</RecastDelay><Target>Target</Target><CancelChannel>False</CancelChannel><LuaBefore></LuaBefore><LuaAfter></LuaAfter></Ability><Ability><Name>Concussion Blow</Name><Default>false</Default><SpellID>12809</SpellID><Actions></Actions><Lua>if GetSpellCooldown(6552) ~= 0 
and select(9,UnitCastingInfo(&amp;quot;target&amp;quot;)) == false 
then return true end</Lua><RecastDelay>0</RecastDelay><Target>Target</Target><CancelChannel>False</CancelChannel><LuaBefore></LuaBefore><LuaAfter></LuaAfter></Ability><Ability><Name>Victory Rush</Name><Default>false</Default><SpellID>34428</SpellID><Actions></Actions><Lua>if 100 * UnitHealth(&amp;quot;player&amp;quot;) / UnitHealthMax(&amp;quot;player&amp;quot;) &amp;lt; 80 
then return true end</Lua><RecastDelay>0</RecastDelay><Target>Target</Target><CancelChannel>False</CancelChannel><LuaBefore></LuaBefore><LuaAfter></LuaAfter></Ability><Ability><Name>Heroic Strike / Cleave</Name><Default>false</Default><SpellID>0</SpellID><Actions></Actions><Lua>if UnitPower(&amp;quot;player&amp;quot;) &amp;gt;= 65 
and GetSpellCooldown(78) == 0 
then
  if modkeystate then 
    CastSpellByID(845) 
    return true
  else 
    CastSpellByID(78) 
    return true 
  end
end</Lua><RecastDelay>0</RecastDelay><Target>Target</Target><CancelChannel>False</CancelChannel><LuaBefore></LuaBefore><LuaAfter></LuaAfter></Ability><Ability><Name>Inner Rage</Name><Default>false</Default><SpellID>1134</SpellID><Actions></Actions><Lua>if UnitPower(&amp;quot;player&amp;quot;) &amp;gt;= 90 
then return true end</Lua><RecastDelay>0</RecastDelay><Target>Target</Target><CancelChannel>False</CancelChannel><LuaBefore></LuaBefore><LuaAfter></LuaAfter></Ability><Ability><Name>Shield Slam</Name><Default>false</Default><SpellID>23922</SpellID><Actions></Actions><Lua>return true</Lua><RecastDelay>0</RecastDelay><Target>Target</Target><CancelChannel>False</CancelChannel><LuaBefore></LuaBefore><LuaAfter></LuaAfter></Ability><Ability><Name>Revenge</Name><Default>false</Default><SpellID>6572</SpellID><Actions></Actions><Lua>return true</Lua><RecastDelay>0</RecastDelay><Target>Target</Target><CancelChannel>False</CancelChannel><LuaBefore></LuaBefore><LuaAfter></LuaAfter></Ability><Ability><Name>Rend</Name><Default>false</Default><SpellID>772</SpellID><Actions></Actions><Lua>if UnitDebuffID(&amp;quot;target&amp;quot;, 94009,&amp;quot;PLAYER&amp;quot;) == nil 
then return true end</Lua><RecastDelay>500</RecastDelay><Target>Target</Target><CancelChannel>False</CancelChannel><LuaBefore></LuaBefore><LuaAfter></LuaAfter></Ability><Ability><Name>Demoralizing Shout</Name><Default>false</Default><SpellID>1160</SpellID><Actions></Actions><Lua>if UnitDebuffID(&amp;quot;target&amp;quot;, 1160) == nil 
then return true end</Lua><RecastDelay>500</RecastDelay><Target>Target</Target><CancelChannel>False</CancelChannel><LuaBefore></LuaBefore><LuaAfter></LuaAfter></Ability><Ability><Name>Thunder Clap</Name><Default>false</Default><SpellID>6343</SpellID><Actions></Actions><Lua>if CheckInteractDistance(&amp;quot;target&amp;quot;, 3) 
and (UnitDebuffID(&amp;quot;target&amp;quot;, 6343) == nil or modkeystate) 
then return true end</Lua><RecastDelay>0</RecastDelay><Target>Target</Target><CancelChannel>False</CancelChannel><LuaBefore></LuaBefore><LuaAfter></LuaAfter></Ability><Ability><Name>Devastate</Name><Default>false</Default><SpellID>20243</SpellID><Actions></Actions><Lua>return true</Lua><RecastDelay>0</RecastDelay><Target>Target</Target><CancelChannel>False</CancelChannel><LuaBefore></LuaBefore><LuaAfter></LuaAfter></Ability><Ability><Name>Shockwave</Name><Default>false</Default><SpellID>46968</SpellID><Actions></Actions><Lua>if CheckInteractDistance(&amp;quot;target&amp;quot;, 3) 
and modkeystate 
then return true end</Lua><RecastDelay>0</RecastDelay><Target>Target</Target><CancelChannel>False</CancelChannel><LuaBefore></LuaBefore><LuaAfter></LuaAfter></Ability><Ability><Name>Heroic Throw</Name><Default>false</Default><SpellID>57755</SpellID><Actions></Actions><Lua>if CheckInteractDistance(&amp;quot;target&amp;quot;, 3) == nil 
and CheckInteractDistance(&amp;quot;target&amp;quot;, 1) 
then return true end</Lua><RecastDelay>0</RecastDelay><Target>Target</Target><CancelChannel>False</CancelChannel><LuaBefore></LuaBefore><LuaAfter></LuaAfter></Ability></WARRIOR>