<?xml version="1.0" encoding="utf-8" ?><ROGUE><Rotation><RotationName>Subtlely PvP [10/0/31]</RotationName><RotationDefault>false</RotationDefault><RotationList>-- defensive spells --|Pick Lock|Apply Poisons|Will of the Forsaken|Sap|Shadowstep|Shadow Dance|Dismantle|Smoke Bomb|Preparation|-- offensive spells --|Kidney Shot|Eviscerate|Cheap Shot|Garrote|Gouge|Ambush|Shiv|Backstab|Hemorrhage</RotationList><RequireCombat>false</RequireCombat><RotationNotes>-- Tested with this build
http://www.wowhead.com/talent#fMhfZZsGfcdu0Rho

-- Hotkeys
Hold down LEFT ALT pause rotation

-- Features
Auto Pick Lock when any player trade you a Lockbox
Auto apply poisons</RotationNotes></Rotation></ROGUE>