<?xml version="1.0" encoding="utf-8" ?><MAGE><Ability><Name>Arcane Blast</Name><Default>false</Default><SpellID>30451</SpellID><Actions></Actions><Lua>return true</Lua><RecastDelay>0</RecastDelay><Target>Target</Target><CancelChannel>False</CancelChannel><LuaBefore></LuaBefore><LuaAfter></LuaAfter></Ability><Ability><Name>USE: Gloves</Name><Default>false</Default><SpellID>0</SpellID><Actions></Actions><Lua>if select(4,UnitDebuffID(&amp;quot;player&amp;quot;,36032)) == 4 
and GetInventoryItemCooldown(&amp;quot;player&amp;quot;,10) == 0 
and 100 * UnitPower(&amp;quot;player&amp;quot;) / UnitPowerMax(&amp;quot;player&amp;quot;) &amp;gt; 50
and UnitChannelInfo(&amp;quot;player&amp;quot;) == nil 
then UseInventoryItem(10) end</Lua><RecastDelay>0</RecastDelay><Target>Target</Target><CancelChannel>False</CancelChannel><LuaBefore></LuaBefore><LuaAfter></LuaAfter></Ability><Ability><Name>Flame Orb</Name><Default>false</Default><SpellID>82731</SpellID><Actions></Actions><Lua>if CheckInteractDistance(&amp;quot;target&amp;quot;, 1) == 1 then
  return true
end</Lua><RecastDelay>0</RecastDelay><Target>Target</Target><CancelChannel>False</CancelChannel><LuaBefore></LuaBefore><LuaAfter></LuaAfter></Ability><Ability><Name>Mirror Image</Name><Default>false</Default><SpellID>55342</SpellID><Actions></Actions><Lua>if UnitHealthMax(&amp;quot;target&amp;quot;) &amp;gt; UnitHealthMax(&amp;quot;player&amp;quot;)*10 
then return true end</Lua><RecastDelay>0</RecastDelay><Target>Player</Target><CancelChannel>False</CancelChannel><LuaBefore></LuaBefore><LuaAfter></LuaAfter></Ability><Ability><Name>Evocation</Name><Default>false</Default><SpellID>12051</SpellID><Actions></Actions><Lua>if UnitAffectingCombat(&amp;quot;player&amp;quot;) 
and 100 * UnitPower(&amp;quot;player&amp;quot;) / UnitPowerMax(&amp;quot;player&amp;quot;) &amp;lt; 35 
then return true end</Lua><RecastDelay>0</RecastDelay><Target>Player</Target><CancelChannel>False</CancelChannel><LuaBefore></LuaBefore><LuaAfter></LuaAfter></Ability><Ability><Name>Arcane Power</Name><Default>false</Default><SpellID>12042</SpellID><Actions></Actions><Lua>local _,_,_,count = UnitDebuffID(&amp;quot;player&amp;quot;,36032)

if count == 4 
then return true end</Lua><RecastDelay>0</RecastDelay><Target>Player</Target><CancelChannel>False</CancelChannel><LuaBefore></LuaBefore><LuaAfter></LuaAfter></Ability><Ability><Name>Presence Of Mind</Name><Default>false</Default><SpellID>12043</SpellID><Actions></Actions><Lua>return true</Lua><RecastDelay>0</RecastDelay><Target>Target</Target><CancelChannel>False</CancelChannel><LuaBefore></LuaBefore><LuaAfter></LuaAfter></Ability><Ability><Name>Arcane Explosion</Name><Default>false</Default><SpellID>0</SpellID><Actions></Actions><Lua>if UnitAffectingCombat(&amp;quot;player&amp;quot;) and modkeystate then
  local _, _, _, _, _, _, timer = UnitDebuffID(&amp;quot;player&amp;quot;, 36032)
  if UnitExists(&amp;quot;target&amp;quot;) 
  and UnitCanAttack(&amp;quot;player&amp;quot;,&amp;quot;target&amp;quot;) 
  and PQR_IsMoving(1) == false 
  and PQR_IsCastingSpell(30451) == false
  and (timer == nill or timer - GetTime() &amp;lt; 3) 
  then 
    CastSpellByID(30451)
    return true
  else
    CastSpellByID(1449)
    return true
  end
end</Lua><RecastDelay>0</RecastDelay><Target>Target</Target><CancelChannel>False</CancelChannel><LuaBefore></LuaBefore><LuaAfter></LuaAfter></Ability><Ability><Name>Arcane Barrage</Name><Default>false</Default><SpellID>44425</SpellID><Actions></Actions><Lua>local AM = UnitBuffID(&amp;quot;player&amp;quot;,79683)
local manapercent = 100 * UnitPower(&amp;quot;player&amp;quot;) / UnitPowerMax(&amp;quot;player&amp;quot;)
local EvoS, EvoD = GetSpellCooldown(12051)

if EvoS + EvoD - GetTime() &amp;gt; 10 and manapercent &amp;lt; 70 and AM == nil then
  return true
end</Lua><RecastDelay>0</RecastDelay><Target>Target</Target><CancelChannel>False</CancelChannel><LuaBefore></LuaBefore><LuaAfter></LuaAfter></Ability><Ability><Name>Arcane Missiles</Name><Default>false</Default><SpellID>5143</SpellID><Actions></Actions><Lua>local manapercent = 100 * UnitPower(&amp;quot;player&amp;quot;) / UnitPowerMax(&amp;quot;player&amp;quot;)
local EvoS, EvoD = GetSpellCooldown(12051)

if EvoS + EvoD - GetTime() &amp;gt; 10 and manapercent &amp;lt; 80 then
  return true
end</Lua><RecastDelay>500</RecastDelay><Target>Target</Target><CancelChannel>False</CancelChannel><LuaBefore></LuaBefore><LuaAfter></LuaAfter></Ability><Ability><Name>Spellsteal</Name><Default>false</Default><SpellID>30449</SpellID><Actions></Actions><Lua>buff = { 43242, 92965, 93631, 76634, 88186, 76307, 31884, 2825, 32182, 80353, 1719, 17, 33763, 96802, 6940 }
local havebuff = nil

for i,v in ipairs(buff) do
  local _,_,_,_,_,_,_,_,isStealable = UnitBuffID(&amp;quot;target&amp;quot;,v)
  if isStealable then havebuff = 1 end
end

if havebuff then return true end</Lua><RecastDelay>500</RecastDelay><Target>Target</Target><CancelChannel>False</CancelChannel><LuaBefore></LuaBefore><LuaAfter></LuaAfter></Ability><Ability><Name>Ring of Frost</Name><Default>false</Default><SpellID>82676</SpellID><Actions></Actions><Lua>if IsLeftShiftKeyDown() and GetCurrentKeyBoardFocus() == nil then
  return true
end</Lua><RecastDelay>0</RecastDelay><Target>Click</Target><CancelChannel>False</CancelChannel><LuaBefore></LuaBefore><LuaAfter></LuaAfter></Ability><Ability><Name>Polymorph</Name><Default>false</Default><SpellID>0</SpellID><Actions></Actions><Lua>if UnitExists(&amp;quot;mouseover&amp;quot;) and UnitIsUnit(&amp;quot;mouseover&amp;quot;,&amp;quot;target&amp;quot;) == nil and IsLeftControlKeyDown() then
  CastSpellByID(118,&amp;quot;mouseover&amp;quot;)
end</Lua><RecastDelay>500</RecastDelay><Target>Target</Target><CancelChannel>False</CancelChannel><LuaBefore></LuaBefore><LuaAfter></LuaAfter></Ability><Ability><Name>--- offensive spells ---</Name><Default>false</Default><SpellID>0</SpellID><Actions></Actions><Lua>local buff = { 642, 45438, 31224, 23920, 33786, 19263, 97417, 97977, 102915, 100686, 105784 }
local mob = { &amp;quot;Training Dummy&amp;quot;, &amp;quot;Raider&amp;apos;s Training Dummy&amp;quot;, &amp;quot;Twisted Spirit&amp;quot;, &amp;quot;Amani´shi Hatcher&amp;quot;, &amp;quot;Hakkar&amp;apos;s Chains&amp;quot;, &amp;quot;Exposed Head of Magmaw&amp;quot;, &amp;quot;Battleground Demolisher&amp;quot;, &amp;quot;Ozumat&amp;quot;, &amp;quot;Right Foot&amp;quot;, &amp;quot;Left Foot&amp;quot;, &amp;quot;Icy Tomb&amp;quot;, &amp;quot;Risen Ghoul&amp;quot;, &amp;quot;Mana Void&amp;quot;, &amp;quot;Burning Tendons&amp;quot;, &amp;quot;Wing Tentacle&amp;quot;, &amp;quot;Arm Tentacle&amp;quot;, &amp;quot;Twilight Assault Drake&amp;quot; }
local noaggromobs = nil
local immunity = nil

for i,v in ipairs(buff) do
  if UnitBuffID(&amp;quot;target&amp;quot;,v) then immunity = 1 end
end

for i,v in ipairs(mob) do
  if UnitName(&amp;quot;target&amp;quot;) == v then noaggromobs = 1 end
end

if UnitIsDead(&amp;quot;target&amp;quot;)
or immunity
or UnitCanAttack(&amp;quot;player&amp;quot;,&amp;quot;target&amp;quot;) == nil
or (UnitAffectingCombat(&amp;quot;target&amp;quot;) == nil and noaggromobs == nil and UnitIsPlayer(&amp;quot;target&amp;quot;) == nil)
or tonumber(UnitGUID(&amp;quot;target&amp;quot;):sub(5,5),16) == 4
then return true end</Lua><RecastDelay>0</RecastDelay><Target>Target</Target><CancelChannel>False</CancelChannel><LuaBefore></LuaBefore><LuaAfter></LuaAfter></Ability><Ability><Name>Arcane Brilliance</Name><Default>false</Default><SpellID>1459</SpellID><Actions></Actions><Lua>if UnitBuffID(&amp;quot;player&amp;quot;, 1459) == nil and UnitAffectingCombat(&amp;quot;player&amp;quot;) == nil then
  return true
end</Lua><RecastDelay>500</RecastDelay><Target>Player</Target><CancelChannel>False</CancelChannel><LuaBefore></LuaBefore><LuaAfter></LuaAfter></Ability><Ability><Name>Mage Armor</Name><Default>false</Default><SpellID>6117</SpellID><Actions></Actions><Lua>if UnitBuffID(&amp;quot;player&amp;quot;, 6117) == nil and UnitAffectingCombat(&amp;quot;player&amp;quot;) == nil then
  return true
end</Lua><RecastDelay>500</RecastDelay><Target>Player</Target><CancelChannel>False</CancelChannel><LuaBefore></LuaBefore><LuaAfter></LuaAfter></Ability><Ability><Name>Time Warp</Name><Default>false</Default><SpellID>80353</SpellID><Actions></Actions><Lua>if IsRightShiftKeyDown() and GetCurrentKeyBoardFocus() == nil then
  return true
end</Lua><RecastDelay>0</RecastDelay><Target>Player</Target><CancelChannel>False</CancelChannel><LuaBefore></LuaBefore><LuaAfter></LuaAfter></Ability><Ability><Name>Mana Gem (Use)</Name><Default>false</Default><SpellID>0</SpellID><Actions></Actions><Lua>local manapercent = 100 * UnitPower(&amp;quot;player&amp;quot;) / UnitPowerMax(&amp;quot;player&amp;quot;)

if manapercent &amp;lt; 90 
and GetItemCount(36799) == 1 
and GetItemCooldown(36799) == 0 
and UnitAffectingCombat(&amp;quot;player&amp;quot;)  
and (UnitBuffID(&amp;quot;player&amp;quot;,12042) or IsSpellKnown(12042) == false)
then 
  local name = GetItemInfo(36799)
  UseItemByName(name)
  return true 
end</Lua><RecastDelay>0</RecastDelay><Target>Player</Target><CancelChannel>False</CancelChannel><LuaBefore></LuaBefore><LuaAfter></LuaAfter></Ability><Ability><Name>Mana Gem (Create)</Name><Default>false</Default><SpellID>759</SpellID><Actions></Actions><Lua>if GetItemCount(36799) == 0 
and UnitAffectingCombat(&amp;quot;player&amp;quot;) == nil 
and PQR_IsMoving(1) == false
then return true end</Lua><RecastDelay>500</RecastDelay><Target>Player</Target><CancelChannel>False</CancelChannel><LuaBefore></LuaBefore><LuaAfter></LuaAfter></Ability><Ability><Name>USE: Trinket 1</Name><Default>false</Default><SpellID>0</SpellID><Actions></Actions><Lua>if select(4,UnitDebuffID(&amp;quot;player&amp;quot;,36032)) == 4 
and GetInventoryItemCooldown(&amp;quot;player&amp;quot;,13) == 0 
and 100 * UnitPower(&amp;quot;player&amp;quot;) / UnitPowerMax(&amp;quot;player&amp;quot;) &amp;gt; 50 
and UnitChannelInfo(&amp;quot;player&amp;quot;) == nil 
then UseInventoryItem(13) end</Lua><RecastDelay>0</RecastDelay><Target>Target</Target><CancelChannel>False</CancelChannel><LuaBefore></LuaBefore><LuaAfter></LuaAfter></Ability><Ability><Name>USE: Trinket 2</Name><Default>false</Default><SpellID>0</SpellID><Actions></Actions><Lua>if select(4,UnitDebuffID(&amp;quot;player&amp;quot;,36032)) == 4 
and GetInventoryItemCooldown(&amp;quot;player&amp;quot;,14) == 0 
and 100 * UnitPower(&amp;quot;player&amp;quot;) / UnitPowerMax(&amp;quot;player&amp;quot;) &amp;gt; 50
and UnitChannelInfo(&amp;quot;player&amp;quot;) == nil 
then UseInventoryItem(14) end</Lua><RecastDelay>0</RecastDelay><Target>Target</Target><CancelChannel>False</CancelChannel><LuaBefore></LuaBefore><LuaAfter></LuaAfter></Ability><Ability><Name>Ice Block</Name><Default>false</Default><SpellID>45438</SpellID><Actions></Actions><Lua>playerhp = 100 * UnitHealth(&amp;quot;player&amp;quot;) / UnitHealthMax(&amp;quot;player&amp;quot;)

if playerhp &amp;lt; 10 and UnitAffectingCombat(&amp;quot;player&amp;quot;) and GetSpellCooldown(45438) == 0 then
  return true
end</Lua><RecastDelay>0</RecastDelay><Target>Target</Target><CancelChannel>False</CancelChannel><LuaBefore></LuaBefore><LuaAfter></LuaAfter></Ability><Ability><Name>Focus Magic</Name><Default>false</Default><SpellID>0</SpellID><Actions></Actions><Lua>if UnitAffectingCombat(&amp;quot;player&amp;quot;) == nil then

local mytarget = nil
local doneFM = nil
local topmana = 0
local allinrange = 1
local group = &amp;quot;party&amp;quot;
local members = GetNumPartyMembers()

if GetNumRaidMembers() &amp;gt; 0 then
  group = &amp;quot;raid&amp;quot;
  members = GetNumRaidMembers()
end

for i = 1, members, 1 do
  local member = group..tostring(i)
  local memberpower = UnitPowerMax(member)
  local _,_,_,_,_,_,_,source = UnitBuffID(member, 54646)
  if source == &amp;quot;player&amp;quot; then doneFM = 1 end
  if UnitInRange(member) == false then allinrange = nil end
  if memberpower &amp;gt; topmana and UnitInRange(member) and UnitIsUnit(&amp;quot;player&amp;quot;,member) == nil and source == nil then
    mytarget = member
    topmana = memberpower
  end
end

if mytarget and doneFM == nil and allinrange and UnitIsDead(mytarget) == nil then CastSpellByID(54646, mytarget) end

end</Lua><RecastDelay>500</RecastDelay><Target>Target</Target><CancelChannel>False</CancelChannel><LuaBefore></LuaBefore><LuaAfter></LuaAfter></Ability><Ability><Name>--- defensive spells ---</Name><Default>false</Default><SpellID>0</SpellID><Actions></Actions><Lua>if modkeytime == nil then modkeytime = 0 end
if IsRightControlKeyDown() and GetTime() - modkeytime &amp;gt; 1  then
  modkeytime = GetTime()
  if modkeystate then 
    modkeystate = nil 
    print(&amp;quot;Rotation mode: \124cFFDBFA2ASingle target&amp;quot;)
  else 
    modkeystate = 1 
    print(&amp;quot;Rotation mode: \124cFFFA652AArea of Effect&amp;quot;)
  end
end

if IsAltKeyDown()
or IsMounted()
or SpellIsTargeting()
or UnitBuffID(&amp;quot;player&amp;quot;,32612)
or UnitBuffID(&amp;quot;player&amp;quot;,87959)
or UnitChannelInfo(&amp;quot;player&amp;quot;)
then return true end</Lua><RecastDelay>0</RecastDelay><Target>Target</Target><CancelChannel>False</CancelChannel><LuaBefore></LuaBefore><LuaAfter></LuaAfter></Ability><Ability><Name>Assist Tank</Name><Default>false</Default><SpellID>0</SpellID><Actions></Actions><Lua>if GetNumPartyMembers() &amp;gt; 0 and UnitInRaid(&amp;quot;player&amp;quot;) == nil then

local heisthetank = nil

for i = 1, GetNumPartyMembers(), 1 do
  if UnitGroupRolesAssigned(&amp;quot;party&amp;quot;..tostring(i)) == &amp;quot;TANK&amp;quot; then heisthetank = &amp;quot;party&amp;quot;..tostring(i) end
end

if heisthetank and UnitExists(&amp;quot;target&amp;quot;) == nil 
and UnitAffectingCombat(heisthetank) 
and UnitAffectingCombat(heisthetank..&amp;quot;target&amp;quot;) 
and UnitIsDead(heisthetank..&amp;quot;target&amp;quot;) == nil
and UnitCanAttack(&amp;quot;player&amp;quot;,heisthetank..&amp;quot;target&amp;quot;)
then TargetUnit(heisthetank..&amp;quot;target&amp;quot;) end

end</Lua><RecastDelay>0</RecastDelay><Target>Target</Target><CancelChannel>False</CancelChannel><LuaBefore></LuaBefore><LuaAfter></LuaAfter></Ability></MAGE>