<?xml version="1.0" encoding="utf-8" ?><ROGUE><Rotation><RotationName>Combat PvE [7/31/3]</RotationName><RotationDefault>false</RotationDefault><RotationList>-- defensive spells --|Pick Lock|Apply Poisons|Assist Tank|Tricks of the Trade|Fan of Knives|-- offensive spells --|Ambush|Adrenaline Rush|Killing Spree|Recuperate|Slice and Dice|Rupture|Eviscerate|Shiv|Revealing Strike|Sinister Strike</RotationList><RequireCombat>false</RequireCombat><RotationNotes>-- Tested with this build
http://www.wowhead.com/talent#fMGZfGccocbRGo0h

-- Hotkeys
Tap RIGHT CONTROL to disable/enable Killing Spree
Hold down LEFT ALT pause rotation
Hold down LEFT SHIFT to use Fan of Knives

-- Useful spells not included in the rotation
Blade Flurry

-- Features
Auto Pick Lock when any player trade you a Lockbox
Auto apply poisons</RotationNotes></Rotation></ROGUE>