<?xml version="1.0" encoding="utf-8" ?><PRIEST><Ability><Name>Binding Heal</Name><Default>false</Default><SpellID>32546</SpellID><Actions></Actions><Lua>if PQR_CustomTargetHP &amp;lt; 70 
and 100 * UnitHealth(&amp;quot;player&amp;quot;) / UnitHealthMax(&amp;quot;player&amp;quot;) &amp;lt; 90 
and UnitIsUnit(&amp;quot;player&amp;quot;, PQR_CustomTarget) == nil 
and PQR_IsCastingSpell(32546) == false
and PQR_IsMoving(1) == false 
then return true end</Lua><RecastDelay>0</RecastDelay><Target>Custom</Target><CancelChannel>False</CancelChannel><LuaBefore></LuaBefore><LuaAfter></LuaAfter></Ability><Ability><Name>Circle of Healing</Name><Default>false</Default><SpellID>34861</SpellID><Actions></Actions><Lua>if PQR_CustomTargetHP &amp;lt; 100
and lowhpmembers &amp;gt;= 3 
then return true end</Lua><RecastDelay>0</RecastDelay><Target>Custom</Target><CancelChannel>False</CancelChannel><LuaBefore></LuaBefore><LuaAfter></LuaAfter></Ability><Ability><Name>Dispell Magic</Name><Default>false</Default><SpellID>527</SpellID><Actions></Actions><Lua>buff = { 96328, 96325, 96326, 92876, 92877, 92878, 86788, 30108 }
local candispel = 1

for i,v in ipairs(buff) do
 if UnitDebuffID(PQR_CustomTarget,v) then candispel = nil end
end

local i = 1
local buff,_,_,count,bufftype,duration = UnitDebuff(PQR_CustomTarget, i)
while buff do
  if bufftype == &amp;quot;Magic&amp;quot; 
  and duration &amp;gt; 6 
  and count ~= 1 
  and candispel 
  and UnitIsFriend(&amp;quot;player&amp;quot;,PQR_CustomTarget) 
  then return true end
  i = i + 1;
  buff,_,_,count,bufftype,duration = UnitDebuff(PQR_CustomTarget, i)
end</Lua><RecastDelay>500</RecastDelay><Target>Custom</Target><CancelChannel>False</CancelChannel><LuaBefore></LuaBefore><LuaAfter></LuaAfter></Ability><Ability><Name>Flash Heal</Name><Default>false</Default><SpellID>2061</SpellID><Actions></Actions><Lua>if UnitBuffID(&amp;quot;player&amp;quot;,88688) 
then return true end

if PQR_CustomTargetHP &amp;lt; 70 
and 100 * UnitPower(&amp;quot;player&amp;quot;) / UnitPowerMax(&amp;quot;player&amp;quot;) &amp;gt; 30 
and PQR_IsCastingSpell(2061) == false
and PQR_IsMoving(1) == false 
then return true end</Lua><RecastDelay>0</RecastDelay><Target>Custom</Target><CancelChannel>False</CancelChannel><LuaBefore></LuaBefore><LuaAfter></LuaAfter></Ability><Ability><Name>Greater Heal</Name><Default>false</Default><SpellID>2060</SpellID><Actions></Actions><Lua>if PQR_CustomTargetHP &amp;lt; 70 
and 100 * UnitPower(&amp;quot;player&amp;quot;) / UnitPowerMax(&amp;quot;player&amp;quot;) &amp;gt; 30  
and select(4,UnitBuffID(&amp;quot;player&amp;quot;, 63735)) == 2
and PQR_IsCastingSpell(2060) == false
and PQR_IsMoving(1) == false 
then return true end</Lua><RecastDelay>0</RecastDelay><Target>Custom</Target><CancelChannel>False</CancelChannel><LuaBefore></LuaBefore><LuaAfter></LuaAfter></Ability><Ability><Name>Guardian Spirit</Name><Default>false</Default><SpellID>47788</SpellID><Actions></Actions><Lua>if PQR_CustomTargetHP &amp;lt; 10 
then return true end</Lua><RecastDelay>0</RecastDelay><Target>Custom</Target><CancelChannel>False</CancelChannel><LuaBefore></LuaBefore><LuaAfter></LuaAfter></Ability><Ability><Name>Heal</Name><Default>false</Default><SpellID>2050</SpellID><Actions></Actions><Lua>if (PQR_CustomTargetHP &amp;lt; 95 
or UnitThreatSituation(PQR_CustomTarget) == 3
or (PQR_CustomTargetHP &amp;lt; 100 and UnitBuffID(PQR_CustomTarget, 139) == nil))
and PQR_IsMoving(1) == false
then return true end</Lua><RecastDelay>0</RecastDelay><Target>Custom</Target><CancelChannel>False</CancelChannel><LuaBefore></LuaBefore><LuaAfter></LuaAfter></Ability><Ability><Name>HW Sanctuary</Name><Default>false</Default><SpellID>0</SpellID><Actions></Actions><Lua>if chakrastate and UnitChannelInfo(&amp;quot;player&amp;quot;) == nil then

if UnitBuffID(&amp;quot;player&amp;quot;, 81206) == nil 
and GetSpellCooldown(33076) == 0 then
  if UnitBuffID(&amp;quot;player&amp;quot;, 14751) then CastSpellByID(33076,PQR_CustomTarget) end
  CastSpellByID(14751)
  return true
end

if IsUsableSpell(88685) 
and GetSpellCooldown(88685) == 0 then
  CastSpellByName(tostring(GetSpellInfo(88685)))
  if SpellIsTargeting() then CameraOrSelectOrMoveStart() CameraOrSelectOrMoveStop() end 
  return true
end

end</Lua><RecastDelay>0</RecastDelay><Target>Target</Target><CancelChannel>False</CancelChannel><LuaBefore></LuaBefore><LuaAfter></LuaAfter></Ability><Ability><Name>HW Serenity</Name><Default>false</Default><SpellID>0</SpellID><Actions></Actions><Lua>if chakrastate == nil 
and UnitBuffID(&amp;quot;player&amp;quot;, 81208) == nil
and GetSpellCooldown(14751) == 0 
and UnitChannelInfo(&amp;quot;player&amp;quot;) == nil 
then
  CastSpellByID(14751) 
  return true
end

if PQR_CustomTargetHP &amp;lt; 95 
and IsUsableSpell(88684) 
and UnitChannelInfo(&amp;quot;player&amp;quot;) == nil 
and GetSpellCooldown(88684) == 0 then
  CastSpellByName(GetSpellInfo(88684),PQR_CustomTarget)
  return true
end</Lua><RecastDelay>0</RecastDelay><Target>Target</Target><CancelChannel>False</CancelChannel><LuaBefore></LuaBefore><LuaAfter></LuaAfter></Ability><Ability><Name>Prayer of Healing</Name><Default>false</Default><SpellID>596</SpellID><Actions></Actions><Lua>if lowhpmembers &amp;gt;= 4
and select(4,UnitBuffID(&amp;quot;player&amp;quot;, 63735)) == 2
and PQR_IsCastingSpell(596) == false
and PQR_IsMoving(1) == false 
then return true end</Lua><RecastDelay>0</RecastDelay><Target>Custom</Target><CancelChannel>False</CancelChannel><LuaBefore></LuaBefore><LuaAfter></LuaAfter></Ability><Ability><Name>Prayer of Mending</Name><Default>false</Default><SpellID>33076</SpellID><Actions></Actions><Lua>if lowhpmembers &amp;gt;= 2 
and havemending == nil 
then return true end</Lua><RecastDelay>0</RecastDelay><Target>Custom</Target><CancelChannel>False</CancelChannel><LuaBefore></LuaBefore><LuaAfter></LuaAfter></Ability><Ability><Name>Renew</Name><Default>false</Default><SpellID>139</SpellID><Actions></Actions><Lua>if UnitBuffID(PQR_CustomTarget, 139) == nil 
and (PQR_CustomTargetHP &amp;lt; 50 or UnitThreatSituation(PQR_CustomTarget) == 3) 
then return true end</Lua><RecastDelay>500</RecastDelay><Target>Custom</Target><CancelChannel>False</CancelChannel><LuaBefore></LuaBefore><LuaAfter></LuaAfter></Ability><Ability><Name>Shadowfiend</Name><Default>false</Default><SpellID>0</SpellID><Actions></Actions><Lua>if 100 * UnitPower(&amp;quot;player&amp;quot;) / UnitPowerMax(&amp;quot;player&amp;quot;) &amp;lt; 70 
and GetSpellCooldown(34433) == 0
and UnitIsEnemy(&amp;quot;player&amp;quot;,PQR_CustomTarget..&amp;quot;target&amp;quot;) 
and UnitChannelInfo(&amp;quot;player&amp;quot;) == nil 
then 
  CastSpellByID(34433,PQR_CustomTarget..&amp;quot;target&amp;quot;) 
  return true
end</Lua><RecastDelay>0</RecastDelay><Target>Target</Target><CancelChannel>False</CancelChannel><LuaBefore></LuaBefore><LuaAfter></LuaAfter></Ability><Ability><Name>Fade</Name><Default>false</Default><SpellID>586</SpellID><Actions></Actions><Lua>if UnitThreatSituation(&amp;quot;player&amp;quot;) == 3 then
  return true
end</Lua><RecastDelay>0</RecastDelay><Target>Target</Target><CancelChannel>False</CancelChannel><LuaBefore></LuaBefore><LuaAfter></LuaAfter></Ability><Ability><Name>Autoarget LowHP</Name><Default>false</Default><SpellID>0</SpellID><Actions></Actions><Lua>if UnitExists(&amp;quot;target&amp;quot;) 
  and UnitIsDead(&amp;quot;target&amp;quot;) == nil 
  and UnitCanCooperate(&amp;quot;player&amp;quot;,&amp;quot;target&amp;quot;)
  then PQR_CustomTarget = &amp;quot;target&amp;quot;
          PQR_CustomTargetHP = 100 * UnitHealth(&amp;quot;target&amp;quot;) / UnitHealthMax(&amp;quot;target&amp;quot;)
elseif UnitExists(&amp;quot;mouseover&amp;quot;) 
  and UnitIsDead(&amp;quot;mouseover&amp;quot;) == nil 
  and UnitCanCooperate(&amp;quot;player&amp;quot;,&amp;quot;mouseover&amp;quot;) 
  and GetMouseFocus() ~= WorldFrame 
  then PQR_CustomTarget = &amp;quot;mouseover&amp;quot;
          PQR_CustomTargetHP = 100 * UnitHealth(&amp;quot;mouseover&amp;quot;) / UnitHealthMax(&amp;quot;mouseover&amp;quot;)
else 

PQR_CustomTarget = &amp;quot;player&amp;quot;
PQR_CustomTargetHP = 100 * UnitHealth(&amp;quot;player&amp;quot;) / UnitHealthMax(&amp;quot;player&amp;quot;)
local group = &amp;quot;party&amp;quot;
local members = GetNumPartyMembers()
lowhpmembers = 0
missingfortitude = nil
missingshadow = nil
havemending = nil

if GetNumRaidMembers() &amp;gt; 0 then
  group = &amp;quot;raid&amp;quot;
  members = GetNumRaidMembers()
end

for i = 1, members, 1 do
  local member = group..tostring(i)
  local memberhp = 100 * UnitHealth(member) / UnitHealthMax(member)
  if UnitInRange(member) 
  and UnitIsCharmed(member) == nil
  and UnitIsDeadOrGhost(member) == nil 
  and PQR_IsOutOfSight(member) == false then
    if UnitGroupRolesAssigned(member) == &amp;quot;TANK&amp;quot; then memberhp = memberhp - 1 end
    if UnitThreatSituation(member) == 3 then memberhp = memberhp - 3 end
    if UnitBuffID(member, 79105) == nil 
    and UnitBuffID(member, 90364) == nil 
    and UnitBuffID(member, 469) == nil 
    and UnitBuffID(member, 6307) == nil 
    then missingfortitude = 1 end
    if UnitBuffID(member, 79107) == nil then missingshadow = 1 end
    if UnitBuffID(member, 41635) then havemending = 1 end
    if memberhp &amp;lt; 95 then lowhpmembers = lowhpmembers +1 end
    if memberhp &amp;lt; PQR_CustomTargetHP then
      PQR_CustomTarget = member
      PQR_CustomTargetHP = memberhp
    end
  end
end

end</Lua><RecastDelay>0</RecastDelay><Target>Player</Target><CancelChannel>False</CancelChannel><LuaBefore></LuaBefore><LuaAfter></LuaAfter></Ability><Ability><Name>Arcane Torrent</Name><Default>false</Default><SpellID>28730</SpellID><Actions></Actions><Lua>if IsSpellKnown(28730) 
and 100 * UnitPower(&amp;quot;player&amp;quot;) / UnitPowerMax(&amp;quot;player&amp;quot;) &amp;lt; 80
then return true end</Lua><RecastDelay>0</RecastDelay><Target>Target</Target><CancelChannel>False</CancelChannel><LuaBefore></LuaBefore><LuaAfter></LuaAfter></Ability><Ability><Name>Lightwell</Name><Default>false</Default><SpellID>0</SpellID><Actions></Actions><Lua>if IsRightShiftKeyDown() 
and GetCurrentKeyBoardFocus() == nil 
and GetSpellCooldown(724) == 0 
and UnitChannelInfo(&amp;quot;player&amp;quot;) == nil 
then
  CastSpellByName(tostring(GetSpellInfo(724)))
  if SpellIsTargeting() then CameraOrSelectOrMoveStart() CameraOrSelectOrMoveStop() end  
  return true
end</Lua><RecastDelay>0</RecastDelay><Target>Target</Target><CancelChannel>False</CancelChannel><LuaBefore></LuaBefore><LuaAfter></LuaAfter></Ability><Ability><Name>Power Word: Fortitude</Name><Default>false</Default><SpellID>21562</SpellID><Actions></Actions><Lua>if (missingfortitude or UnitBuffID(&amp;quot;player&amp;quot;, 79105) == nil)
and UnitAffectingCombat(&amp;quot;player&amp;quot;) == nil 
then return true end</Lua><RecastDelay>500</RecastDelay><Target>Player</Target><CancelChannel>False</CancelChannel><LuaBefore></LuaBefore><LuaAfter></LuaAfter></Ability><Ability><Name>Shadow Protection</Name><Default>false</Default><SpellID>27683</SpellID><Actions></Actions><Lua>if (missingshadow or UnitBuffID(&amp;quot;player&amp;quot;, 79107) == nil)
and UnitAffectingCombat(&amp;quot;player&amp;quot;) == nil 
then return true end</Lua><RecastDelay>500</RecastDelay><Target>Player</Target><CancelChannel>False</CancelChannel><LuaBefore></LuaBefore><LuaAfter></LuaAfter></Ability><Ability><Name>Power Word: Shield</Name><Default>false</Default><SpellID>17</SpellID><Actions></Actions><Lua>if PQR_CustomTargetHP &amp;lt; 60 
and UnitDebuffID(PQR_CustomTarget,6788) == nil 
then return true end</Lua><RecastDelay>0</RecastDelay><Target>Custom</Target><CancelChannel>False</CancelChannel><LuaBefore></LuaBefore><LuaAfter></LuaAfter></Ability><Ability><Name>Mass Dispel</Name><Default>false</Default><SpellID>0</SpellID><Actions></Actions><Lua>if IsRightAltKeyDown() 
and GetCurrentKeyBoardFocus() == nil 
and UnitChannelInfo(&amp;quot;player&amp;quot;) == nil 
then
  CastSpellByName(tostring(GetSpellInfo(32375)))
  if SpellIsTargeting() then CameraOrSelectOrMoveStart() CameraOrSelectOrMoveStop() end  
  return true
end</Lua><RecastDelay>0</RecastDelay><Target>Target</Target><CancelChannel>False</CancelChannel><LuaBefore></LuaBefore><LuaAfter></LuaAfter></Ability><Ability><Name>--- healing spells ---</Name><Default>false</Default><SpellID>0</SpellID><Actions></Actions><Lua>if UnitAffectingCombat(PQR_CustomTarget) == nil 
and IsLeftShiftKeyDown() == nil
then return true end</Lua><RecastDelay>0</RecastDelay><Target>Target</Target><CancelChannel>False</CancelChannel><LuaBefore></LuaBefore><LuaAfter></LuaAfter></Ability><Ability><Name>--- defensive spells ---</Name><Default>false</Default><SpellID>0</SpellID><Actions></Actions><Lua>if chakratime == nil then chakratime = 0 end
if IsRightControlKeyDown() and GetTime() - chakratime &amp;gt; 1  then
  chakratime = GetTime()
  if chakrastate then 
    chakrastate = nil 
    print(&amp;quot;Chakra state: \124cFFFFE640Serenity Enabled&amp;quot;)
  else 
    chakrastate = 1 
    print(&amp;quot;Chakra state: \124cFF40C9FFSanctuary Enabled&amp;quot;)
  end
end

if IsLeftAltKeyDown()
or IsMounted()
or SpellIsTargeting()
or UnitBuffID(&amp;quot;player&amp;quot;,87959) 
or UnitChannelInfo(&amp;quot;player&amp;quot;) 
then return true end</Lua><RecastDelay>0</RecastDelay><Target>Player</Target><CancelChannel>False</CancelChannel><LuaBefore></LuaBefore><LuaAfter></LuaAfter></Ability><Ability><Name>Inner Fire</Name><Default>false</Default><SpellID>588</SpellID><Actions></Actions><Lua>if UnitBuffID(&amp;quot;player&amp;quot;, 588) == nil 
and UnitBuffID(&amp;quot;player&amp;quot;, 73413) == nil
then return true end</Lua><RecastDelay>500</RecastDelay><Target>Player</Target><CancelChannel>False</CancelChannel><LuaBefore></LuaBefore><LuaAfter></LuaAfter></Ability><Ability><Name>Inner Will</Name><Default>false</Default><SpellID>73413</SpellID><Actions></Actions><Lua>if UnitBuffID(&amp;quot;player&amp;quot;, 73413) == nil then
  return true
end</Lua><RecastDelay>500</RecastDelay><Target>Player</Target><CancelChannel>False</CancelChannel><LuaBefore></LuaBefore><LuaAfter></LuaAfter></Ability></PRIEST>