<?xml version="1.0" encoding="utf-8" ?><HUNTER><Rotation><RotationName>Marksmanship [7/31/3]</RotationName><RotationDefault>false</RotationDefault><RotationList>--- defensive spells ---|Trap Launcher|Mend Pet|Misdirection|Scatter Shot|Hunter&amp;apos;s Mark|Assist Tank|--- offensive spells ---|Aspect of the Hawk|Tranquilizing Shot|Kill Shot|Serpent Sting|Raptor Strike|USE: Gloves|USE: Trinket 1|USE: Trinket 2|Rapid Fire|Readiness|Steady Shot|Aimed Shot|Multi-Shot|Chimera Shot|Arcane Shot</RotationList><RequireCombat>false</RequireCombat><RotationNotes>-- Tested with this build
http://www.wowhead.com/talent#ccbMZfRGoGoMuroc

-- Hotkeys
Hold down LEFT ALT pause rotation
Hold down LEFT SHIFT to use Scatter Shot on mouseover
Hold down LEFT CONTROL to activate Trap Launcher
Tap RIGHT CONTROL to switch single/aoe rotation

-- Behaviour
Rotation pause while trap launcher is active to allow use any trap
Serpent sting is only casted on mobs with highter hp than player
Hunter Mark cast out of combat if target hp is highter than player hp</RotationNotes></Rotation></HUNTER>