<?xml version="1.0" encoding="utf-8" ?><HUNTER><Ability><Name>USE: Gloves</Name><Default>false</Default><SpellID>0</SpellID><Actions></Actions><Lua>if GetInventoryItemCooldown(&amp;quot;player&amp;quot;,10) == 0 then UseInventoryItem(10) end</Lua><RecastDelay>500</RecastDelay><Target>Target</Target><CancelChannel>False</CancelChannel><LuaBefore></LuaBefore><LuaAfter></LuaAfter></Ability><Ability><Name>USE: Trinket 1</Name><Default>false</Default><SpellID>0</SpellID><Actions></Actions><Lua>if GetInventoryItemCooldown(&amp;quot;player&amp;quot;,13) == 0 then UseInventoryItem(13) end</Lua><RecastDelay>500</RecastDelay><Target>Target</Target><CancelChannel>False</CancelChannel><LuaBefore></LuaBefore><LuaAfter></LuaAfter></Ability><Ability><Name>USE: Trinket 2</Name><Default>false</Default><SpellID>0</SpellID><Actions></Actions><Lua>if GetInventoryItemCooldown(&amp;quot;player&amp;quot;,14) == 0 then UseInventoryItem(14) end</Lua><RecastDelay>500</RecastDelay><Target>Target</Target><CancelChannel>False</CancelChannel><LuaBefore></LuaBefore><LuaAfter></LuaAfter></Ability><Ability><Name>--- defensive spells ---</Name><Default>false</Default><SpellID>0</SpellID><Actions></Actions><Lua>if modkeytime == nil then modkeytime = 0 end
if IsRightControlKeyDown() and GetTime() - modkeytime &amp;gt; 1  then
  modkeytime = GetTime()
  if modkeystate then 
    modkeystate = nil 
    print(&amp;quot;Rotation mode: \124cFFDBFA2ASingle target&amp;quot;)
  else 
    modkeystate = 1 
    print(&amp;quot;Rotation mode: \124cFFFA652AArea of Effect&amp;quot;)
  end
end

if IsLeftAltKeyDown()
or IsMounted()
or SpellIsTargeting()
or UnitBuffID(&amp;quot;player&amp;quot;,80169)
or UnitBuffID(&amp;quot;player&amp;quot;,77769)
or UnitBuffID(&amp;quot;player&amp;quot;,5384)
then return true end</Lua><RecastDelay>0</RecastDelay><Target>Target</Target><CancelChannel>False</CancelChannel><LuaBefore></LuaBefore><LuaAfter></LuaAfter></Ability><Ability><Name>--- offensive spells ---</Name><Default>false</Default><SpellID>0</SpellID><Actions></Actions><Lua>local buff = { 642, 45438, 31224, 23920, 33786, 19263, 97417, 97977, 102915, 100686, 105784 }
local mob = { &amp;quot;Training Dummy&amp;quot;, &amp;quot;Raider&amp;apos;s Training Dummy&amp;quot;, &amp;quot;Twisted Spirit&amp;quot;, &amp;quot;Amani´shi Hatcher&amp;quot;, &amp;quot;Hakkar&amp;apos;s Chains&amp;quot;, &amp;quot;Exposed Head of Magmaw&amp;quot;, &amp;quot;Battleground Demolisher&amp;quot;, &amp;quot;Ozumat&amp;quot;, &amp;quot;Right Foot&amp;quot;, &amp;quot;Left Foot&amp;quot;, &amp;quot;Icy Tomb&amp;quot;, &amp;quot;Risen Ghoul&amp;quot;, &amp;quot;Mana Void&amp;quot;, &amp;quot;Burning Tendons&amp;quot;, &amp;quot;Wing Tentacle&amp;quot;, &amp;quot;Arm Tentacle&amp;quot;, &amp;quot;Twilight Assault Drake&amp;quot; }
local noaggromobs = nil
local immunity = nil

for i,v in ipairs(buff) do
  if UnitBuffID(&amp;quot;target&amp;quot;,v) then immunity = 1 end
end

for i,v in ipairs(mob) do
  if UnitName(&amp;quot;target&amp;quot;) == v then noaggromobs = 1 end
end

if UnitIsDead(&amp;quot;target&amp;quot;)
or immunity
or UnitCanAttack(&amp;quot;player&amp;quot;,&amp;quot;target&amp;quot;) == nil
or (UnitAffectingCombat(&amp;quot;target&amp;quot;) == nil and noaggromobs == nil and UnitIsPlayer(&amp;quot;target&amp;quot;) == nil)
or tonumber(UnitGUID(&amp;quot;target&amp;quot;):sub(5,5),16) == 4
then return true end</Lua><RecastDelay>0</RecastDelay><Target>Target</Target><CancelChannel>False</CancelChannel><LuaBefore></LuaBefore><LuaAfter></LuaAfter></Ability><Ability><Name>Aspect of the Hawk</Name><Default>false</Default><SpellID>13165</SpellID><Actions></Actions><Lua>if PQR_IsMoving(1) == false 
and UnitBuffID(&amp;quot;player&amp;quot;, 13165) == nil 
then return true end</Lua><RecastDelay>0</RecastDelay><Target>Target</Target><CancelChannel>False</CancelChannel><LuaBefore></LuaBefore><LuaAfter></LuaAfter></Ability><Ability><Name>Trap Launcher</Name><Default>false</Default><SpellID>77769</SpellID><Actions></Actions><Lua>if IsLeftControlKeyDown() 
and GetCurrentKeyBoardFocus() == nil 
then return true end</Lua><RecastDelay>0</RecastDelay><Target>Target</Target><CancelChannel>False</CancelChannel><LuaBefore></LuaBefore><LuaAfter></LuaAfter></Ability><Ability><Name>Mend Pet</Name><Default>false</Default><SpellID>136</SpellID><Actions></Actions><Lua>if UnitExists(&amp;quot;pet&amp;quot;) 
and UnitIsDead(&amp;quot;pet&amp;quot;) == nil 
and 100 * UnitHealth(&amp;quot;pet&amp;quot;) / UnitHealthMax(&amp;quot;pet&amp;quot;) &amp;lt; 90 
and UnitBuffID(&amp;quot;pet&amp;quot;,136) == nil 
and UnitAffectingCombat(&amp;quot;player&amp;quot;) == nil 
then return true end</Lua><RecastDelay>500</RecastDelay><Target>Pet</Target><CancelChannel>False</CancelChannel><LuaBefore></LuaBefore><LuaAfter></LuaAfter></Ability><Ability><Name>Misdirection</Name><Default>false</Default><SpellID>34477</SpellID><Actions></Actions><Lua>if UnitCanAttack(&amp;quot;player&amp;quot;,&amp;quot;target&amp;quot;) and UnitIsDead(&amp;quot;target&amp;quot;) == nil and UnitHealth(&amp;quot;target&amp;quot;) &amp;gt; UnitHealthMax(&amp;quot;player&amp;quot;) and UnitName(&amp;quot;target&amp;quot;) ~= &amp;quot;Raider&amp;apos;s Training Dummy&amp;quot; and UnitInRaid(&amp;quot;player&amp;quot;) == nil then

local havetank = nil
local InParty = GetNumPartyMembers()
if InParty &amp;gt; 0 then
  for i = 1, InParty, 1 do
  local member = &amp;quot;party&amp;quot;..tostring(i)
    if UnitGroupRolesAssigned(member) == &amp;quot;TANK&amp;quot; and UnitIsDead(member) == nil then
      if UnitThreatSituation(member,&amp;quot;target&amp;quot;) ~= 3 and UnitInRange(member) then CastSpellByID(34477,member) end
      havetank = 1
    end
  end
end
if havetank == nil and UnitExists(&amp;quot;pet&amp;quot;) and UnitThreatSituation(&amp;quot;pet&amp;quot;,&amp;quot;target&amp;quot;) ~= 3 then return true end

end</Lua><RecastDelay>500</RecastDelay><Target>Pet</Target><CancelChannel>False</CancelChannel><LuaBefore></LuaBefore><LuaAfter></LuaAfter></Ability><Ability><Name>Scatter Shot</Name><Default>false</Default><SpellID>19503</SpellID><Actions></Actions><Lua>if UnitExists(&amp;quot;mouseover&amp;quot;) 
and IsLeftShiftKeyDown() 
and GetCurrentKeyBoardFocus() == nil 
then return true end</Lua><RecastDelay>0</RecastDelay><Target>Mouseover</Target><CancelChannel>False</CancelChannel><LuaBefore></LuaBefore><LuaAfter></LuaAfter></Ability><Ability><Name>Hunter&amp;apos;s Mark</Name><Default>false</Default><SpellID>1130</SpellID><Actions></Actions><Lua>if UnitCanAttack(&amp;quot;player&amp;quot;,&amp;quot;target&amp;quot;) 
and modkeystate == nil 
and UnitIsDead(&amp;quot;target&amp;quot;) == nil 
and UnitAffectingCombat(&amp;quot;player&amp;quot;) == nil 
and UnitHealth(&amp;quot;target&amp;quot;) &amp;gt; UnitHealthMax(&amp;quot;player&amp;quot;) 
and UnitDebuffID(&amp;quot;target&amp;quot;,1130) == nil
then return true end</Lua><RecastDelay>0</RecastDelay><Target>Target</Target><CancelChannel>False</CancelChannel><LuaBefore></LuaBefore><LuaAfter></LuaAfter></Ability><Ability><Name>Assist Tank</Name><Default>false</Default><SpellID>0</SpellID><Actions></Actions><Lua>if GetNumPartyMembers() &amp;gt; 0 and UnitInRaid(&amp;quot;player&amp;quot;) == nil then

local heisthetank = nil

for i = 1, GetNumPartyMembers(), 1 do
  if UnitGroupRolesAssigned(&amp;quot;party&amp;quot;..tostring(i)) == &amp;quot;TANK&amp;quot; then heisthetank = &amp;quot;party&amp;quot;..tostring(i) end
end

if heisthetank and UnitExists(&amp;quot;target&amp;quot;) == nil 
and UnitAffectingCombat(heisthetank) 
and UnitAffectingCombat(heisthetank..&amp;quot;target&amp;quot;) 
and UnitIsDead(heisthetank..&amp;quot;target&amp;quot;) == nil
and UnitCanAttack(&amp;quot;player&amp;quot;,heisthetank..&amp;quot;target&amp;quot;)
then TargetUnit(heisthetank..&amp;quot;target&amp;quot;) end

end</Lua><RecastDelay>0</RecastDelay><Target>Target</Target><CancelChannel>False</CancelChannel><LuaBefore></LuaBefore><LuaAfter></LuaAfter></Ability><Ability><Name>Tranquilizing Shot</Name><Default>false</Default><SpellID>19801</SpellID><Actions></Actions><Lua>buff = { 99646 }
local candispel = 1

for i,v in ipairs(buff) do
 if UnitDebuffID(&amp;quot;target&amp;quot;,v) then candispel = nil end
end

local i = 1
local buff,_,_,_,bufftype = UnitBuff(&amp;quot;target&amp;quot;, i)
while buff do
  if (bufftype == &amp;quot;Magic&amp;quot; or buff == &amp;quot;Enrage&amp;quot;) and candispel then
    return true
  end
  i = i + 1;
  buff,_,_,_,bufftype = UnitBuff(&amp;quot;target&amp;quot;, i)
end</Lua><RecastDelay>500</RecastDelay><Target>Target</Target><CancelChannel>False</CancelChannel><LuaBefore></LuaBefore><LuaAfter></LuaAfter></Ability><Ability><Name>Kill Shot</Name><Default>false</Default><SpellID>53351</SpellID><Actions></Actions><Lua>if 100 * UnitHealth(&amp;quot;target&amp;quot;) / UnitHealthMax(&amp;quot;target&amp;quot;) &amp;lt;= 20  
then return true end</Lua><RecastDelay>0</RecastDelay><Target>Target</Target><CancelChannel>False</CancelChannel><LuaBefore></LuaBefore><LuaAfter></LuaAfter></Ability><Ability><Name>Serpent Sting</Name><Default>false</Default><SpellID>1978</SpellID><Actions></Actions><Lua>if UnitDebuffID(&amp;quot;target&amp;quot;, 1978, &amp;quot;PLAYER&amp;quot;) == nil 
and modkeystate == nil 
and UnitHealth(&amp;quot;target&amp;quot;) &amp;gt; UnitHealthMax(&amp;quot;player&amp;quot;) 
then return true end</Lua><RecastDelay>500</RecastDelay><Target>Target</Target><CancelChannel>False</CancelChannel><LuaBefore></LuaBefore><LuaAfter></LuaAfter></Ability><Ability><Name>Raptor Strike</Name><Default>false</Default><SpellID>2973</SpellID><Actions></Actions><Lua>if IsSpellInRange(tostring(GetSpellInfo(56641))) == 0 
then return true end</Lua><RecastDelay>0</RecastDelay><Target>Target</Target><CancelChannel>False</CancelChannel><LuaBefore></LuaBefore><LuaAfter></LuaAfter></Ability><Ability><Name>Rapid Fire</Name><Default>false</Default><SpellID>3045</SpellID><Actions></Actions><Lua>if UnitBuffID(&amp;quot;player&amp;quot;, &amp;quot;3045&amp;quot;) == nil 
and select(7,GetSpellInfo(19434)) &amp;gt; 1800 
then return true end</Lua><RecastDelay>0</RecastDelay><Target>Player</Target><CancelChannel>False</CancelChannel><LuaBefore></LuaBefore><LuaAfter></LuaAfter></Ability><Ability><Name>Readiness</Name><Default>false</Default><SpellID>23989</SpellID><Actions></Actions><Lua>if select(2,GetSpellCooldown(3045)) &amp;gt; 10 
then return true end</Lua><RecastDelay>0</RecastDelay><Target>Target</Target><CancelChannel>False</CancelChannel><LuaBefore></LuaBefore><LuaAfter></LuaAfter></Ability><Ability><Name>Steady Shot</Name><Default>false</Default><SpellID>56641</SpellID><Actions></Actions><Lua>if UnitPower(&amp;quot;player&amp;quot;) &amp;lt; 40 then reloadphase = 1 end
if UnitPower(&amp;quot;player&amp;quot;) &amp;gt; 60 then reloadphase = nil end

if PQR_IsMoving(1) == true 
and UnitBuffID(&amp;quot;player&amp;quot;, 82661) == nil 
and UnitPower(&amp;quot;player&amp;quot;) &amp;lt; 40
then CastSpellByID(82661) end

if reloadphase then return true end</Lua><RecastDelay>0</RecastDelay><Target>Target</Target><CancelChannel>False</CancelChannel><LuaBefore></LuaBefore><LuaAfter></LuaAfter></Ability><Ability><Name>Aimed Shot</Name><Default>false</Default><SpellID>0</SpellID><Actions></Actions><Lua>local unitHp = 100 * UnitHealth(&amp;quot;target&amp;quot;) / UnitHealthMax(&amp;quot;target&amp;quot;)
_,_,_,_,_,_,casttime = GetSpellInfo(19434)

if UnitBuffID(&amp;quot;player&amp;quot;, &amp;quot;82926&amp;quot;) then
  CastSpellByName(tostring(GetSpellInfo(82928)))
  return true
end

if PQR_IsMoving(1) == false 
and modkeystate == nil 
and (casttime &amp;lt; 1700 or unitHp &amp;gt;= 90) 
and UnitCastingInfo(&amp;quot;player&amp;quot;) ~= GetSpellInfo(19434)
and UnitPower(&amp;quot;player&amp;quot;) &amp;lt; 90
and UnitDebuffID(&amp;quot;target&amp;quot;, 1978) and tostring(select(7,UnitDebuffID(&amp;quot;target&amp;quot;, 1978))) - GetTime() &amp;gt; 7
then 
  CastSpellByName(tostring(GetSpellInfo(19434)))
  return true 
end</Lua><RecastDelay>0</RecastDelay><Target>Target</Target><CancelChannel>False</CancelChannel><LuaBefore></LuaBefore><LuaAfter></LuaAfter></Ability><Ability><Name>Chimera Shot</Name><Default>false</Default><SpellID>53209</SpellID><Actions></Actions><Lua>return true</Lua><RecastDelay>0</RecastDelay><Target>Target</Target><CancelChannel>False</CancelChannel><LuaBefore></LuaBefore><LuaAfter></LuaAfter></Ability><Ability><Name>Arcane Shot</Name><Default>false</Default><SpellID>3044</SpellID><Actions></Actions><Lua>return true</Lua><RecastDelay>500</RecastDelay><Target>Target</Target><CancelChannel>False</CancelChannel><LuaBefore></LuaBefore><LuaAfter></LuaAfter></Ability><Ability><Name>Multi-Shot</Name><Default>false</Default><SpellID>2643</SpellID><Actions></Actions><Lua>if modkeystate 
then return true end</Lua><RecastDelay>0</RecastDelay><Target>Target</Target><CancelChannel>False</CancelChannel><LuaBefore></LuaBefore><LuaAfter></LuaAfter></Ability></HUNTER>