<?xml version="1.0" encoding="utf-8" ?><ROGUE><Ability><Name>Eviscerate</Name><Default>false</Default><SpellID>2098</SpellID><Actions></Actions><Lua>if GetComboPoints(&amp;quot;player&amp;quot;, &amp;quot;target&amp;quot;) == 5 
or (UnitHealth(&amp;quot;target&amp;quot;) &amp;lt; UnitHealthMax(&amp;quot;player&amp;quot;) and IsSpellKnown(13877))
then return true end</Lua><RecastDelay>0</RecastDelay><Target>Target</Target><CancelChannel>False</CancelChannel><LuaBefore></LuaBefore><LuaAfter></LuaAfter></Ability><Ability><Name>Shiv</Name><Default>false</Default><SpellID>5938</SpellID><Actions></Actions><Lua>if UnitDebuffID(&amp;quot;target&amp;quot;,3409) == nil 
and (UnitPowerType(&amp;quot;target&amp;quot;) == 0 or UnitPowerType(&amp;quot;target&amp;quot;) == 2) 
then return true end</Lua><RecastDelay>500</RecastDelay><Target>Target</Target><CancelChannel>False</CancelChannel><LuaBefore></LuaBefore><LuaAfter></LuaAfter></Ability><Ability><Name>Apply Poisons</Name><Default>false</Default><SpellID>0</SpellID><Actions></Actions><Lua>if applypoison and GetTime() - applypoison &amp;gt; 3 then applypoison = nil end
if UnitAffectingCombat(&amp;quot;player&amp;quot;) == nil and applypoison == nil then

local activepoisons = { &amp;quot;Instant Poison&amp;quot;, &amp;quot;Deadly Poison&amp;quot;, &amp;quot;Wound Poison&amp;quot; }
if IsSpellKnown(36554) then activepoisons = { &amp;quot;Wound Poison&amp;quot;, &amp;quot;Crippling Poison&amp;quot;, &amp;quot;Crippling Poison&amp;quot; } end
local _,poisonMH,_,_,poisonOH,_,_,poisonTR = GetWeaponEnchantInfo()
applypoison = GetTime()

if poisonMH == nil then 
  UseItemByName(activepoisons[1],&amp;quot;player&amp;quot;) 
  if SpellIsTargeting() then PickupInventoryItem(16) end
elseif poisonOH == nil then
  UseItemByName(activepoisons[2],&amp;quot;player&amp;quot;) 
  if SpellIsTargeting() then PickupInventoryItem(17) end
elseif poisonTR == nil then
  UseItemByName(activepoisons[3],&amp;quot;player&amp;quot;) 
  if SpellIsTargeting() then PickupInventoryItem(18) end
end

end</Lua><RecastDelay>0</RecastDelay><Target>Target</Target><CancelChannel>False</CancelChannel><LuaBefore></LuaBefore><LuaAfter></LuaAfter></Ability><Ability><Name>-- defensive spells --</Name><Default>false</Default><SpellID>0</SpellID><Actions></Actions><Lua>local gougetimer = select(7,UnitDebuffID(&amp;quot;target&amp;quot;,1776))

if IsAltKeyDown()
or IsMounted()
or SpellIsTargeting()
or UnitBuffID(&amp;quot;player&amp;quot;,1856)
or UnitBuffID(&amp;quot;player&amp;quot;,80169)
or (gougetimer and gougetimer - GetTime() &amp;gt; 0.2)
then return true end</Lua><RecastDelay>0</RecastDelay><Target>Target</Target><CancelChannel>False</CancelChannel><LuaBefore></LuaBefore><LuaAfter></LuaAfter></Ability><Ability><Name>-- offensive spells --</Name><Default>false</Default><SpellID>0</SpellID><Actions></Actions><Lua>local buff = { 642, 45438, 31224, 23920, 33786, 19263, 97417, 97977, 102915, 100686, 105784 }
local mob = { &amp;quot;Training Dummy&amp;quot;, &amp;quot;Raider&amp;apos;s Training Dummy&amp;quot;, &amp;quot;Twisted Spirit&amp;quot;, &amp;quot;Amani´shi Hatcher&amp;quot;, &amp;quot;Hakkar&amp;apos;s Chains&amp;quot;, &amp;quot;Exposed Head of Magmaw&amp;quot;, &amp;quot;Battleground Demolisher&amp;quot;, &amp;quot;Ozumat&amp;quot;, &amp;quot;Right Foot&amp;quot;, &amp;quot;Left Foot&amp;quot;, &amp;quot;Icy Tomb&amp;quot;, &amp;quot;Risen Ghoul&amp;quot;, &amp;quot;Mana Void&amp;quot;, &amp;quot;Burning Tendons&amp;quot;, &amp;quot;Wing Tentacle&amp;quot;, &amp;quot;Arm Tentacle&amp;quot;, &amp;quot;Twilight Assault Drake&amp;quot; }
local noaggromobs = nil
local immunity = nil

for i,v in ipairs(buff) do
  if UnitBuffID(&amp;quot;target&amp;quot;,v) then immunity = 1 end
end

for i,v in ipairs(mob) do
  if UnitName(&amp;quot;target&amp;quot;) == v then noaggromobs = 1 end
end

if UnitIsDead(&amp;quot;target&amp;quot;)
or immunity
or IsSpellInRange(&amp;quot;Shiv&amp;quot;,&amp;quot;target&amp;quot;) == 0
or UnitCanAttack(&amp;quot;player&amp;quot;,&amp;quot;target&amp;quot;) == nil
or (UnitAffectingCombat(&amp;quot;target&amp;quot;) == nil and noaggromobs == nil and UnitIsPlayer(&amp;quot;target&amp;quot;) == nil)
or tonumber(UnitGUID(&amp;quot;target&amp;quot;):sub(5,5),16) == 4
then return true end</Lua><RecastDelay>0</RecastDelay><Target>Target</Target><CancelChannel>False</CancelChannel><LuaBefore></LuaBefore><LuaAfter></LuaAfter></Ability><Ability><Name>Ambush</Name><Default>false</Default><SpellID>8676</SpellID><Actions></Actions><Lua>return true</Lua><RecastDelay>0</RecastDelay><Target>Target</Target><CancelChannel>False</CancelChannel><LuaBefore></LuaBefore><LuaAfter></LuaAfter></Ability><Ability><Name>Backstab</Name><Default>false</Default><SpellID>53</SpellID><Actions></Actions><Lua>if PQR_NotBehindTarget() == false
and UnitDebuffID(&amp;quot;target&amp;quot;,16511)
then return true end</Lua><RecastDelay>0</RecastDelay><Target>Target</Target><CancelChannel>False</CancelChannel><LuaBefore></LuaBefore><LuaAfter></LuaAfter></Ability><Ability><Name>Hemorrhage</Name><Default>false</Default><SpellID>16511</SpellID><Actions></Actions><Lua>if UnitPower(&amp;quot;player&amp;quot;) &amp;gt; 45
then return true end</Lua><RecastDelay>0</RecastDelay><Target>Target</Target><CancelChannel>False</CancelChannel><LuaBefore></LuaBefore><LuaAfter></LuaAfter></Ability><Ability><Name>Kidney Shot</Name><Default>false</Default><SpellID>408</SpellID><Actions></Actions><Lua>if GetComboPoints(&amp;quot;player&amp;quot;, &amp;quot;target&amp;quot;) == 5 
then return true end</Lua><RecastDelay>0</RecastDelay><Target>Target</Target><CancelChannel>False</CancelChannel><LuaBefore></LuaBefore><LuaAfter></LuaAfter></Ability><Ability><Name>Garrote</Name><Default>false</Default><SpellID>703</SpellID><Actions>/cast Premeditation</Actions><Lua>if UnitDebuffID(&amp;quot;target&amp;quot;,703) == nil 
then return true end</Lua><RecastDelay>500</RecastDelay><Target>Target</Target><CancelChannel>False</CancelChannel><LuaBefore></LuaBefore><LuaAfter></LuaAfter></Ability><Ability><Name>Shadowstep</Name><Default>false</Default><SpellID>36554</SpellID><Actions></Actions><Lua>if UnitAffectingCombat(&amp;quot;player&amp;quot;) 
and CheckInteractDistance(&amp;quot;target&amp;quot;,3) == nil
and UnitBuffID(&amp;quot;player&amp;quot;,1784) == nil
then return true end</Lua><RecastDelay>0</RecastDelay><Target>Target</Target><CancelChannel>False</CancelChannel><LuaBefore></LuaBefore><LuaAfter></LuaAfter></Ability><Ability><Name>Gouge</Name><Default>false</Default><SpellID>1776</SpellID><Actions></Actions><Lua>if PQR_NotBehindTarget()
then return true end</Lua><RecastDelay>0</RecastDelay><Target>Target</Target><CancelChannel>False</CancelChannel><LuaBefore></LuaBefore><LuaAfter></LuaAfter></Ability><Ability><Name>Sap</Name><Default>false</Default><SpellID>6770</SpellID><Actions></Actions><Lua>if UnitCanAttack(&amp;quot;player&amp;quot;,&amp;quot;target&amp;quot;) 
and UnitAffectingCombat(&amp;quot;target&amp;quot;) == nil
and UnitDebuffID(&amp;quot;target&amp;quot;,6770) == nil
and UnitCreatureType(&amp;quot;target&amp;quot;) == &amp;quot;Humanoid&amp;quot; 
and CheckInteractDistance(&amp;quot;target&amp;quot;,2)
then return true end</Lua><RecastDelay>0</RecastDelay><Target>Target</Target><CancelChannel>False</CancelChannel><LuaBefore></LuaBefore><LuaAfter></LuaAfter></Ability><Ability><Name>Shadow Dance</Name><Default>false</Default><SpellID>51713</SpellID><Actions></Actions><Lua>if tostring(select(2,GetSpellCooldown(408))) == &amp;quot;20&amp;quot; 
then return true end</Lua><RecastDelay>0</RecastDelay><Target>Target</Target><CancelChannel>False</CancelChannel><LuaBefore></LuaBefore><LuaAfter></LuaAfter></Ability><Ability><Name>Smoke Bomb</Name><Default>false</Default><SpellID>76577</SpellID><Actions></Actions><Lua>if UnitCanAttack(&amp;quot;player&amp;quot;,&amp;quot;target&amp;quot;) 
and UnitPowerType(&amp;quot;target&amp;quot;) ~= 0 
and select(2,GetSpellCooldown(51722)) == &amp;quot;90&amp;quot; 
and UnitDebuffID(&amp;quot;target&amp;quot;,51722) == nil
then return true end</Lua><RecastDelay>0</RecastDelay><Target>Target</Target><CancelChannel>False</CancelChannel><LuaBefore></LuaBefore><LuaAfter></LuaAfter></Ability><Ability><Name>Dismantle</Name><Default>false</Default><SpellID>51722</SpellID><Actions></Actions><Lua>if UnitCanAttack(&amp;quot;player&amp;quot;,&amp;quot;target&amp;quot;) 
and UnitPowerType(&amp;quot;target&amp;quot;) ~= 0 
and UnitCreatureType(&amp;quot;target&amp;quot;) == &amp;quot;Humanoid&amp;quot; 
and tostring(select(2,GetSpellCooldown(408))) == &amp;quot;20&amp;quot; 
and UnitDebuffID(&amp;quot;target&amp;quot;,408) == nil
then return true end</Lua><RecastDelay>0</RecastDelay><Target>Target</Target><CancelChannel>False</CancelChannel><LuaBefore></LuaBefore><LuaAfter></LuaAfter></Ability><Ability><Name>Pick Lock</Name><Default>false</Default><SpellID>0</SpellID><Actions></Actions><Lua>local name,_,_,_,_,enchant = GetTradeTargetItemInfo(7)

if name and string.find(name,&amp;quot;Lockbox&amp;quot;) then

if enchant then
  AcceptTrade()
else
  CastSpellByID(1804)
  ClickTargetTradeButton(7)
end

end</Lua><RecastDelay>0</RecastDelay><Target>Target</Target><CancelChannel>False</CancelChannel><LuaBefore></LuaBefore><LuaAfter></LuaAfter></Ability><Ability><Name>Will of the Forsaken</Name><Default>false</Default><SpellID>7744</SpellID><Actions></Actions><Lua>if (UnitDebuffID(&amp;quot;player&amp;quot;,8122)
or UnitDebuffID(&amp;quot;player&amp;quot;,5246)
or UnitDebuffID(&amp;quot;player&amp;quot;,6358))
and IsSpellKnown(7744)
then return true end</Lua><RecastDelay>0</RecastDelay><Target>Target</Target><CancelChannel>False</CancelChannel><LuaBefore></LuaBefore><LuaAfter></LuaAfter></Ability><Ability><Name>Cheap Shot</Name><Default>false</Default><SpellID>1833</SpellID><Actions></Actions><Lua>if UnitBuffID(&amp;quot;player&amp;quot;,51713)
and UnitDebuffID(&amp;quot;target&amp;quot;,1833) == nil
then return true end</Lua><RecastDelay>500</RecastDelay><Target>Target</Target><CancelChannel>False</CancelChannel><LuaBefore></LuaBefore><LuaAfter></LuaAfter></Ability><Ability><Name>Preparation</Name><Default>false</Default><SpellID>14185</SpellID><Actions></Actions><Lua>if select(2,GetSpellCooldown(1856)) == 120
then return true end</Lua><RecastDelay>0</RecastDelay><Target>Target</Target><CancelChannel>False</CancelChannel><LuaBefore></LuaBefore><LuaAfter></LuaAfter></Ability></ROGUE>