<?xml version="1.0" encoding="utf-8" ?><SHAMAN><Rotation><RotationName>Elemental</RotationName><RotationDefault>false</RotationDefault><RotationList>Elemental: -- defensive spells|Elemental: FT weapon|Elemental: Lightning Shield|Elemenatal: canceltotems|Elemental: -- damage spells|Elemental: Totems|Elemental: Purge|Elemental: Wind Shear|Elemental: Thunderstorm|Elemental: Earthquake|Elemental: Searing Totem|Elemental: Flame Shock|Elemental: Elemental Mastery|Elemental: trinket 1|Elemental: trinket 2|Elemental: Lava Burst|Elemental: Earth Shock|Elemental: Lightning Bolt</RotationList><RequireCombat>false</RequireCombat><RotationNotes></RotationNotes></Rotation><Rotation><RotationName>Elemental: AOE</RotationName><RotationDefault>false</RotationDefault><RotationList>Elemental: -- defensive spells|Elemental: FT weapon|Elemental: Lightning Shield|Elemental: -- damage spells|Elemenatal: canceltotems|Elemental: Totems|Elemental: Purge|Elemental: Wind Shear|Elemental: Earthquake|Elemental: Searing Totem|Elemental: Thunderstorm|Elemental: Flame Shock|Elemental: trinket 1|Elemental: trinket 2|Elemental: Fire Nova|Elemental: Elemental Mastery|Elemental: Chain Lightning</RotationList><RequireCombat>false</RequireCombat><RotationNotes>ctrl for earthquake</RotationNotes></Rotation></SHAMAN>