<?xml version="1.0" encoding="utf-8" ?><SHAMAN><Ability><Name>Resto: Riptide</Name><Default>false</Default><SpellID>0</SpellID><Actions></Actions><Lua>local _,lcd =  GetSpellCooldown(61295)
if lcd == 0 then

for i = 0, members, 1 do
  local member = group..tostring(i)
  if i == 0 then
      member = &amp;quot;player&amp;quot; 
      riptidetarget = &amp;quot;player&amp;quot;
      riptidetargethp  = 100 * UnitHealth(&amp;quot;player&amp;quot;) / UnitHealthMax(&amp;quot;player&amp;quot;)
  end
  local riptide = UnitBuffID(member, 61295)
  local memberhp = 100 * UnitHealth(member) / UnitHealthMax(member)
  if UnitInRange(member) and riptide == nil and memberhp &amp;lt; riptidetargethp and riptidetargethp &amp;gt;0  then
     riptidetarget=member
     riptidetargethp=memberhp
  end
end
if riptidetargethp &amp;lt; rthealth and riptidetargethp &amp;gt;0 then
  SilentCast(61295,riptidetarget)
  return true
end
end</Lua><RecastDelay>0</RecastDelay><Target>Custom</Target><CancelChannel>False</CancelChannel><LuaBefore></LuaBefore><LuaAfter></LuaAfter></Ability><Ability><Name>Resto: Water Shield</Name><Default>false</Default><SpellID>52127</SpellID><Actions></Actions><Lua>local WS = UnitBuffID(&amp;quot;player&amp;quot;, 52127) 
local ES = UnitBuffID(&amp;quot;player&amp;quot;, 974)

if WS == nil and ES == nil then
    return true
end</Lua><RecastDelay>0</RecastDelay><Target>Player</Target><CancelChannel>False</CancelChannel><LuaBefore></LuaBefore><LuaAfter></LuaAfter></Ability><Ability><Name>Resto: Earth Shield</Name><Default>false</Default><SpellID>0</SpellID><Actions></Actions><Lua>local EStarget = nil
if group == &amp;quot;raid&amp;quot; and UnitExists(&amp;quot;focus&amp;quot;) then EStarget = &amp;quot;focus&amp;quot; end
if group == &amp;quot;party&amp;quot; then
  for i = 1, members, 1 do
    local member = group..tostring(i)
    if UnitGroupRolesAssigned(member) == &amp;quot;TANK&amp;quot; and UnitIsDead(member) ~= 1 then EStarget = member end
  end
end

if mytarget &amp;lt; 75 and EStarget == nil and UnitThreatSituation(targettoheal) == 3 
  then EStarget = targettoheal
end

if EStarget ~= nil then
  local ES = UnitBuffID(EStarget, 974)
  if ES == nil and UnitInRange(EStarget) and UnitIsDead(EStarget) ~= 1 then
  SilentCast(974,EStarget)
    return true
  end
end</Lua><RecastDelay>0</RecastDelay><Target>Custom</Target><CancelChannel>False</CancelChannel><LuaBefore></LuaBefore><LuaAfter></LuaAfter></Ability><Ability><Name>Resto: Autotarget LowHP</Name><Default>false</Default><SpellID>0</SpellID><Actions></Actions><Lua>if UnitExists(&amp;quot;target&amp;quot;) and UnitIsDead(&amp;quot;target&amp;quot;) == nil and UnitCanCooperate(&amp;quot;player&amp;quot;,&amp;quot;target&amp;quot;)
  then targettoheal = &amp;quot;target&amp;quot;
  local lowest = 100 * (UnitHealth(&amp;quot;target&amp;quot;))/UnitHealthMax(&amp;quot;target&amp;quot;)
   mytarget = lowest
else 
targettoheal = &amp;quot;player&amp;quot;
local lowestin = UnitGetIncomingHeals(targettoheal)
if lowestin == nil then lowestin = 0 end
local lowest = 100 * (UnitHealth(targettoheal) + lowestin)  / UnitHealthMax(targettoheal)
mytarget = lowest
for i = 1, members, 1 do
  local member = group..tostring(i)
local memberin = UnitGetIncomingHeals(member)
if memberin == nil then memberin = 0 end
  local memberhp = 100 * (UnitHealth(member )+ memberin ) / UnitHealthMax(member)
  if UnitInRange(member) and UnitIsDeadOrGhost(member) == nil  and  memberhp &amp;gt; 0  then
    if UnitGroupRolesAssigned(member) == &amp;quot;TANK&amp;quot; then memberhp = memberhp - 1 end
    if UnitThreatSituation(member) == 3 then memberhp = memberhp - 3 end
    if memberhp &amp;lt; lowest then
      targettoheal = member
      lowest = memberhp
      mytarget = lowest
    end
  end
end
end</Lua><RecastDelay>0</RecastDelay><Target>Target</Target><CancelChannel>False</CancelChannel><LuaBefore></LuaBefore><LuaAfter></LuaAfter></Ability><Ability><Name>Resto: Cleanse Spirit</Name><Default>false</Default><SpellID>0</SpellID><Actions></Actions><Lua>debuff = { 97298, 97490, 97397,96950,96958,98040,98038,98033 ,20989,43361,96636,43095,90488,81836,93674,93613}
if mytarget &amp;gt; 40 then
  for i = 0, members, 1 do
    if i==0 then cleansetarget = &amp;quot;player&amp;quot; else cleansetarget = group..tostring(i) end
    if IsSpellInRange(&amp;quot;Cleanse Spirit&amp;quot;, cleansetarget) == 1 then
    local _, _, _, count = UnitDebuffID(cleansetarget,43299,1)
    if count == nil then count = 0 end
    if count &amp;gt; 4 then
        SilentCast(51886,cleansetarget)
         return true
     end
     for k,v in ipairs(debuff) do
       if UnitDebuffID(cleansetarget,v,1) then 
        SilentCast(51886,cleansetarget)
         return true
       end
     end     
    end
  end
end</Lua><RecastDelay>0</RecastDelay><Target>Custom</Target><CancelChannel>False</CancelChannel><LuaBefore></LuaBefore><LuaAfter></LuaAfter></Ability><Ability><Name>Resto: Chain Heal</Name><Default>false</Default><SpellID>0</SpellID><Actions></Actions><Lua>local sqrt = sqrt
local GetPlayerMapPosition = GetPlayerMapPosition
local table = table
local nexthop = {}
local tsort = table.sort
local sort = table.sort
local SetMapToCurrentZone = SetMapToCurrentZone
local GetCurrentMapDungeonLevel = GetCurrentMapDungeonLevel
local GetMapInfo = GetMapInfo

local function IsInRange(u1,u2)
    local range = DistanceBetweenUnits(u1,u2)
    if range ~= nil and range&amp;lt;12.5  then
        return true
    else
        return false  
    end
end

local function getDefHealth(unit)
  if unit==0 then tunit = &amp;quot;player&amp;quot; else tunit = group..tostring(unit) end
    return (100 - (100 * UnitHealth(tunit) / UnitHealthMax(tunit)))
end

local function sortDefHealth(aUnit, anotherUnit)
    return getDefHealth(aUnit) &amp;gt; getDefHealth(anotherUnit)
end

local function getnexthop(u)
  chop = nexthop[u]
  for nh = 0, members do
    if nh==0 then nhtarget = &amp;quot;player&amp;quot; else nhtarget = group..tostring(nh) end
    local alreadyonlist = false          
    for q = 0, u do            
      if UnitName(nexthop[q]) == UnitName(nhtarget) then alreadyonlist = true end
    end
    local nhhealth = 100 * UnitHealth(nhtarget ) / UnitHealthMax(nhtarget)
    if nhhealth &amp;lt; hophealth and chop ~= nhtarget and alreadyonlist == false then
       if IsInRange(chop,nhtarget) then
	      return nhtarget
        end
    end -- if
  end --- for
end

local function findGoodTarget()
   local goodTarget = nil
   local firsttargets = {}
   local firstcount = 0
   for first = 0, members do   
     if first==0 then firsttarget = &amp;quot;player&amp;quot; else firsttarget = group..tostring(first) end
     local firsthealth = 100 * UnitHealth(firsttarget) / UnitHealthMax(firsttarget)
     if firsthealth == nil then firsthealth = 0 end
     if IsSpellInRange(&amp;quot;Chain Heal&amp;quot;,firsttarget ) == 1 and firsthealth &amp;lt; targethealth and firsthealth &amp;gt; 0 then
            table.insert(firsttargets , first)
            firstcount = firstcount + 1
     end  --if
   end -- for
   tsort(firsttargets, sortDefHealth)  
   for x = 1, firstcount do
      if firsttargets [x]==0 then ttunit = &amp;quot;player&amp;quot; else ttunit = group..tostring(firsttargets [x]) end
      tthealth = 100 * UnitHealth(ttunit) / UnitHealthMax(ttunit)
      nexthop[0]=ttunit
      for z = 1,hops do
        nexthop[z] = getnexthop(z-1)
        if nexthop[z] == nil then return nil end
        if nexthop[hops] ~= nil then return ttunit end
      end
   end
end

local chtarget = findGoodTarget()
if chtarget ~= nil and moving == 0 and manapercent &amp;gt; 5  then
   SilentCast(1064,chtarget) 
   return true
end</Lua><RecastDelay>1000</RecastDelay><Target>Mouseover</Target><CancelChannel>False</CancelChannel><LuaBefore></LuaBefore><LuaAfter></LuaAfter></Ability><Ability><Name>Resto: Mana Tide</Name><Default>false</Default><SpellID>0</SpellID><Actions></Actions><Lua>local _,lcd =  GetSpellCooldown(16190)
if lcd == 0 and manapercent &amp;lt; 65  and incombat == 1   then
  SilentCast(16190)
  return true
end</Lua><RecastDelay>0</RecastDelay><Target>Player</Target><CancelChannel>False</CancelChannel><LuaBefore></LuaBefore><LuaAfter></LuaAfter></Ability><Ability><Name>Resto: Nature&amp;apos;s Swiftness</Name><Default>false</Default><SpellID>0</SpellID><Actions></Actions><Lua>local _,lcd =  GetSpellCooldown(16188)
if lcd == 0 and mytarget &amp;lt; nshealth  then
  SilentCast(16188)
  return true
end</Lua><RecastDelay>0</RecastDelay><Target>Target</Target><CancelChannel>False</CancelChannel><LuaBefore></LuaBefore><LuaAfter></LuaAfter></Ability><Ability><Name>Resto: Spiritwalker&amp;apos;s Grace</Name><Default>false</Default><SpellID>0</SpellID><Actions></Actions><Lua>if PQR_IsMoving(2) == true and mytarget &amp;lt;50   then
  SilentCast(79206)
end</Lua><RecastDelay>0</RecastDelay><Target>Player</Target><CancelChannel>False</CancelChannel><LuaBefore></LuaBefore><LuaAfter></LuaAfter></Ability><Ability><Name>Resto: Lightning Bolt</Name><Default>false</Default><SpellID>0</SpellID><Actions></Actions><Lua>local tt = UnitIsEnemy(&amp;quot;player&amp;quot;,targettoheal..&amp;quot;target&amp;quot;)
local SwG = UnitBuffID(&amp;quot;player&amp;quot;, 79206)
local lbtarget = nil

if moving == 0 and incombat ~= nil  then 
  if UnitIsEnemy(&amp;quot;player&amp;quot;,&amp;quot;target&amp;quot;) then
     lbtarget = &amp;quot;target&amp;quot;     
  else
    for i = 1, members,1 do
      local member = group..tostring(i)
      if UnitInRange(member) and UnitGroupRolesAssigned(member) == &amp;quot;TANK&amp;quot; then
        if UnitIsEnemy(&amp;quot;player&amp;quot;,member..&amp;quot;target&amp;quot;)  then
           lbtarget = member..&amp;quot;target&amp;quot;
        end
      end
    end
   end
end

if lbtarget ~= nil then
   if UnitHasCC(lbtarget) == 0  then
     SilentCast(403,lbtarget)
    return true
  end
end</Lua><RecastDelay>0</RecastDelay><Target>Custom</Target><CancelChannel>False</CancelChannel><LuaBefore></LuaBefore><LuaAfter></LuaAfter></Ability><Ability><Name>Resto: Earthliving Weapon</Name><Default>false</Default><SpellID>51730</SpellID><Actions></Actions><Lua>local hasEarthliving = GetWeaponEnchantInfo()

if hasEarthliving ~= nil then
 return false
else
  return true
end</Lua><RecastDelay>0</RecastDelay><Target>Player</Target><CancelChannel>False</CancelChannel><LuaBefore></LuaBefore><LuaAfter></LuaAfter></Ability><Ability><Name>Resto: Hex</Name><Default>false</Default><SpellID>0</SpellID><Actions></Actions><Lua>local inRange = 0
local _,lcd =  GetSpellCooldown(51514)

if lcd == 0 and UnitExists(&amp;quot;focus&amp;quot;) and UnitIsVisible(&amp;quot;focus&amp;quot;) and UnitIsEnemy(&amp;quot;player&amp;quot;,&amp;quot;focus&amp;quot;) then
   inRange = IsSpellInRange(&amp;quot;Hex&amp;quot;,&amp;quot;focus&amp;quot;)
end

if inRange==1 then
  SilentCast(51514,&amp;quot;focus&amp;quot;)
  return true
end</Lua><RecastDelay>0</RecastDelay><Target>Focus</Target><CancelChannel>False</CancelChannel><LuaBefore></LuaBefore><LuaAfter></LuaAfter></Ability><Ability><Name>Resto: trinket 1</Name><Default>false</Default><SpellID>0</SpellID><Actions></Actions><Lua>local manapercent = 100 * UnitPower(&amp;quot;player&amp;quot;) / UnitPowerMax(&amp;quot;player&amp;quot;)

if manapercent &amp;lt; 85 and GetInventoryItemCooldown(&amp;quot;player&amp;quot;,13) == 0 then UseInventoryItem(13) end</Lua><RecastDelay>0</RecastDelay><Target>Target</Target><CancelChannel>False</CancelChannel><LuaBefore></LuaBefore><LuaAfter></LuaAfter></Ability><Ability><Name>Resto: trinket 2</Name><Default>false</Default><SpellID>0</SpellID><Actions></Actions><Lua>local manapercent = 100 * UnitPower(&amp;quot;player&amp;quot;) / UnitPowerMax(&amp;quot;player&amp;quot;)

if manapercent &amp;lt; 85 and GetInventoryItemCooldown(&amp;quot;player&amp;quot;,14) == 0 then UseInventoryItem(14) end</Lua><RecastDelay>0</RecastDelay><Target>Target</Target><CancelChannel>False</CancelChannel><LuaBefore></LuaBefore><LuaAfter></LuaAfter></Ability><Ability><Name>Resto: Healing Rain</Name><Default>false</Default><SpellID>0</SpellID><Actions></Actions><Lua>local _,lcd =  GetSpellCooldown(73920)
Spell, _, _, _, _, endTime = UnitCastingInfo(&amp;quot;player&amp;quot;)


if lcd == 0 and IsControlKeyDown()  and GetCurrentKeyBoardFocus() == nil and Spell ~=&amp;quot;Healing Rain&amp;quot; then
  SilentCast(73920)
  if SpellIsTargeting() then CameraOrSelectOrMoveStart() CameraOrSelectOrMoveStop() end  
  return true
end</Lua><RecastDelay>0</RecastDelay><Target>Target</Target><CancelChannel>False</CancelChannel><LuaBefore></LuaBefore><LuaAfter></LuaAfter></Ability><Ability><Name>Resto: Purge</Name><Default>false</Default><SpellID>0</SpellID><Actions></Actions><Lua>local buff= { 97987,43242,43421,36828,85664,77912 }
if mytarget &amp;gt; 50 then
  for i = 0, members, 1 do
    if i==0 then purgetarget = &amp;quot;target&amp;quot; else purgetarget = group..tostring(i)..&amp;quot;target&amp;quot; end
     local purgeinrange = IsSpellInRange(&amp;quot;Purge&amp;quot;, purgetarget)
      if UnitIsEnemy(&amp;quot;player&amp;quot;,purgetarget) and purgeinrange == 1 then
        local canpurge= 0
        for k,v in ipairs(buff) do
          if UnitBuffID(purgetarget,v) then canpurge = 1 end
        end
        if canpurge == 1 and incombat ~= nil then
          SilentCast(370,purgetarget)
          return true
        end
    end
  end
end</Lua><RecastDelay>0</RecastDelay><Target>Target</Target><CancelChannel>False</CancelChannel><LuaBefore></LuaBefore><LuaAfter></LuaAfter></Ability><Ability><Name>water walking</Name><Default>false</Default><SpellID>546</SpellID><Actions></Actions><Lua>buff = { 96328, 96325, 96326, 92876, 92877, 92878, 86788, 30108 }
local group = &amp;quot;party&amp;quot;
local members = GetNumPartyMembers()
if GetNumRaidMembers() &amp;gt; 0 then
  group = &amp;quot;raid&amp;quot;
  members = GetNumRaidMembers()
end

if UnitBuffID(&amp;quot;player&amp;quot;, 546) == nil then CastSpellByID(546,&amp;quot;player&amp;quot;) end

for i = 1, members, 1 do
  local member = group..tostring(i)
  if UnitInRange(member) and UnitIsDeadOrGhost(member) == nil then
       local ww = UnitBuffID(member, 546)     
       if ww == nil then
        CastSpellByID(546,member)
      end
  end
end</Lua><RecastDelay>500</RecastDelay><Target>Target</Target><CancelChannel>False</CancelChannel><LuaBefore></LuaBefore><LuaAfter></LuaAfter></Ability><Ability><Name>Resto: totems</Name><Default>false</Default><SpellID>0</SpellID><Actions></Actions><Lua>local DB = UnitBuffID(&amp;quot;player&amp;quot;,61316)
local AB = UnitBuffID(&amp;quot;player&amp;quot;,1459)
local _, WaterTotem = GetTotemInfo(3)
local _, FireTotem = GetTotemInfo(1)
local _, AirTotem = GetTotemInfo(4)
local _, EarthTotem = GetTotemInfo(2)
local MQ = UnitBuffID(&amp;quot;player&amp;quot;, 49868)
local MA = UnitBuffID(&amp;quot;player&amp;quot;, 24907)
local HP = UnitBuffID(&amp;quot;player&amp;quot;, 53290)
local IIT = UnitBuffID(&amp;quot;player&amp;quot;, 55610)
local DA = UnitBuffID(&amp;quot;player&amp;quot;, 465)
local ST = UnitBuffID(&amp;quot;player&amp;quot;, 8071)
local BoM = UnitBuffID(&amp;quot;player&amp;quot;, 19740)
local FI = UnitBuffID(&amp;quot;player&amp;quot;, 54424)

if FireTotem == &amp;quot;&amp;quot; and  AirTotem == &amp;quot;&amp;quot; and EarthTotem == &amp;quot;&amp;quot; and WaterTotem == &amp;quot;&amp;quot; and incombat == 1  then
  SilentCast(66842)
  return true
end

if DB == nil and AB == nil  then
  SetMultiCastSpell (133,8227)
  if FireTotem == &amp;quot;&amp;quot; and incombat == 1  then
    SilentCast(8227)
    return true
  end
else
  SetMultiCastSpell (133,3599)
  if FireTotem == &amp;quot;&amp;quot; and incombat == 1  then
    SilentCast(3599)
    return true
  end
end

if MQ == nil and MA == nil  then
  SetMultiCastSpell (136,3738)
  if AirTotem == &amp;quot;&amp;quot; and incombat == 1  then
    SilentCast(3738)
    return true
  end
else
  if HP == nil and IIT == nil  then
    SetMultiCastSpell (136,8512)
    if AirTotem == &amp;quot;&amp;quot; and incombat == 1  then
      SilentCast(8512)
       return true        
    end
  end
end


if DA == nil then
  SetMultiCastSpell (134,8071)
  if EarthTotem == &amp;quot;&amp;quot; and incombat == 1  then
     SilentCast(8071)
    return true
  end
else
   SetMultiCastSpell (134,8075)
   if EarthTotem == &amp;quot;&amp;quot; and incombat == 1  then
       SilentCast(8075)
      return true
   end
end

if  BoM == nil and FI == nil  then
  SetMultiCastSpell (135,5675)
  if WaterTotem == &amp;quot;&amp;quot; and incombat == 1  then
     SilentCast(5675)
     return true
  end
else 
  SetMultiCastSpell (135,5394)
  if WaterTotem == &amp;quot;&amp;quot; and incombat == 1  then
      SilentCast(5394)
      return true
    end
end</Lua><RecastDelay>0</RecastDelay><Target>Target</Target><CancelChannel>False</CancelChannel><LuaBefore></LuaBefore><LuaAfter></LuaAfter></Ability><Ability><Name>Resto: Stoneclaw</Name><Default>false</Default><SpellID>0</SpellID><Actions></Actions><Lua>local _, EarthTotem = GetTotemInfo(2)
local _,lcd =  GetSpellCooldown(5730)

if lcd == 0 and EarthTotem ~= &amp;quot;Earth Elemental Totem&amp;quot; and UnitThreatSituation(&amp;quot;player&amp;quot;) == 3  then
  SilentCast(5730)
 end</Lua><RecastDelay>0</RecastDelay><Target>Target</Target><CancelChannel>False</CancelChannel><LuaBefore></LuaBefore><LuaAfter></LuaAfter></Ability><Ability><Name>Resto: Wind Shear</Name><Default>false</Default><SpellID>0</SpellID><Actions></Actions><Lua>local ispell = { &amp;quot;Healing Wave&amp;quot;,&amp;quot;Hex&amp;quot;,&amp;quot;Shock Blast&amp;quot;,&amp;quot;Chain Lightning&amp;quot;,&amp;quot;Shadow Strike&amp;quot;,&amp;quot;Dark Command&amp;quot;,&amp;quot;Confounding Flames&amp;quot;,&amp;quot;Warped Twilight&amp;quot;,&amp;quot;Conjure Twisted Visage&amp;quot;,&amp;quot;Focused Geyser&amp;quot;,&amp;quot;Flame Conduit&amp;quot;,&amp;quot;Chained Mind&amp;quot;,&amp;quot;Umbral Mending&amp;quot;,&amp;quot;Tranquility&amp;quot;,&amp;quot;Pact of Darkness&amp;quot;,&amp;quot;Charged Shot&amp;quot;,&amp;quot;Anti-Magic Prison&amp;quot;,&amp;quot;Reverberating Hymn&amp;quot;,&amp;quot;Summon Sun Orb&amp;quot;,&amp;quot;Inferno Leap&amp;quot;,&amp;quot;Hex&amp;quot;,&amp;quot;Ritual of Bloodletting&amp;quot;,&amp;quot;Chain Lightning&amp;quot;,&amp;quot;Lightning Lash&amp;quot;,&amp;quot;Greater Heal&amp;quot;,&amp;quot;Cloudburst&amp;quot;,&amp;quot;Force of Earth&amp;quot;,&amp;quot;Magma Eruption&amp;quot;,&amp;quot;Demon Portal&amp;quot;,&amp;quot;Force Grip&amp;quot;,&amp;quot;Holy Fire&amp;quot;,&amp;quot;Motivate&amp;quot;,&amp;quot;Seaswell&amp;quot;,&amp;quot;Fear&amp;quot;,&amp;quot;Drain Life&amp;quot;,&amp;quot;Pain and Suffering&amp;quot;,&amp;quot;Unholy Empowerment&amp;quot;,&amp;quot;Cursed Bullets&amp;quot;,&amp;quot;Fireball Volley&amp;quot;,&amp;quot;Ancient Power&amp;quot;,&amp;quot;Heal&amp;quot;,&amp;quot;Holy Light&amp;quot;,&amp;quot;Healing Wave&amp;quot;,&amp;quot;Flash Heal&amp;quot;,&amp;quot;Ancient Power&amp;quot;,&amp;quot;Blood Leech&amp;quot;,&amp;quot;Whispers of Hethiss&amp;quot;,&amp;quot;Tears of Blood&amp;quot;,&amp;quot;Fieroblast&amp;quot;,&amp;quot;Chain Heal&amp;quot;,&amp;quot;Domesticate&amp;quot;,&amp;quot;Arcane Storm&amp;quot;,&amp;quot;Blast Nova&amp;quot;}

local _,lcd =  GetSpellCooldown(57994)
if lcd == 0 then

for i = 0, members, 1 do
  if i==0 then mem = &amp;quot;player&amp;quot; else mem = group..tostring(i) end
   local meminrange = UnitInRange(mem)
   if meminrange then
     local wsinrange = IsSpellInRange(&amp;quot;Wind Shear&amp;quot;, mem..&amp;quot;target&amp;quot;)
     if UnitIsEnemy(&amp;quot;player&amp;quot;,mem..&amp;quot;target&amp;quot;) and wsinrange == 1 then
       local canint= 0
       local jspell, _, _, _, _, _, _, _, interrupt = UnitChannelInfo(mem..&amp;quot;target&amp;quot;)
       if not interupt then 
         for k,v in ipairs(ispell) do        
           if jspell == v then canint = 1 end
         end
       end
       local jspell, _, _, _, _, _, _, _, interrupt = UnitCastingInfo(mem..&amp;quot;target&amp;quot;)
       if not interupt then 
         for k,v in ipairs(ispell) do        
           if jspell == v then canint = 1 end
         end
       end
       if canint == 1 then
          local Spell, _, _, _, _, endTime = UnitCastingInfo(&amp;quot;player&amp;quot;)
          if Spell == &amp;quot;Lightning Bolt&amp;quot; then RunMacroText(&amp;quot;/stopcasting&amp;quot;) end
          if Spell == &amp;quot;Greater Healing Wave&amp;quot; then RunMacroText(&amp;quot;/stopcasting&amp;quot;) end
          if Spell == &amp;quot;Healing Wave&amp;quot; then RunMacroText(&amp;quot;/stopcasting&amp;quot;) end
          SilentCast(57994,mem..&amp;quot;target&amp;quot;)
         return true
      end
  end
end
end
end</Lua><RecastDelay>0</RecastDelay><Target>Custom</Target><CancelChannel>False</CancelChannel><LuaBefore></LuaBefore><LuaAfter></LuaAfter></Ability><Ability><Name>Resto: Cancel GHW</Name><Default>false</Default><SpellID>0</SpellID><Actions></Actions><Lua>if (unithealth &amp;gt; 95)  and Spell == &amp;quot;Greater Healing Wave&amp;quot; then
     RunMacroText(&amp;quot;/stopcasting&amp;quot;)
     return true
end</Lua><RecastDelay>0</RecastDelay><Target>Target</Target><CancelChannel>False</CancelChannel><LuaBefore></LuaBefore><LuaAfter></LuaAfter></Ability><Ability><Name>Resto: Cancel LB</Name><Default>false</Default><SpellID>0</SpellID><Actions></Actions><Lua>if (unithealth &amp;lt; ghwhealth) and (unithealth  ~= nil) and manapercent &amp;gt; 5   and ((endTime/1000 - GetTime())&amp;gt;1)
 then
  if Spell == &amp;quot;Lightning Bolt&amp;quot; then
     RunMacroText(&amp;quot;/stopcasting&amp;quot;)
     return true
    end
end</Lua><RecastDelay>0</RecastDelay><Target>Target</Target><CancelChannel>False</CancelChannel><LuaBefore></LuaBefore><LuaAfter></LuaAfter></Ability><Ability><Name>Resto: GHW</Name><Default>false</Default><SpellID>0</SpellID><Actions></Actions><Lua>local NS = UnitBuffID(&amp;quot;player&amp;quot;, 16188) 

if NS ~= nil then
  SilentCast(77472,targettoheal)
  return true
end

if moving == 0 and manapercent &amp;gt; 10  and
 (mytarget &amp;lt; ghwhealth or UnitDebuffID(targettoheal,96776) or UnitDebuffID(targettoheal,97639) or UnitDebuffID(targettoheal,99947) ) then
  SilentCast(77472,targettoheal)
  return true
end</Lua><RecastDelay>0</RecastDelay><Target>Custom</Target><CancelChannel>False</CancelChannel><LuaBefore></LuaBefore><LuaAfter></LuaAfter></Ability><Ability><Name>Resto: Healing Wave</Name><Default>false</Default><SpellID>0</SpellID><Actions></Actions><Lua>if  mytarget &amp;lt; hwhealth and moving == 0 then
  SilentCast(331,targettoheal)
  return true
end</Lua><RecastDelay>0</RecastDelay><Target>Custom</Target><CancelChannel>False</CancelChannel><LuaBefore></LuaBefore><LuaAfter></LuaAfter></Ability><Ability><Name>Resto: Unleash Elements</Name><Default>false</Default><SpellID>0</SpellID><Actions></Actions><Lua>local _,lcd =  GetSpellCooldown(57994)

if lcd == 0  and mytarget &amp;lt; 90 and moving == 1 then
  SilentCast(73680,targettoheal)
  return true
end</Lua><RecastDelay>0</RecastDelay><Target>Custom</Target><CancelChannel>False</CancelChannel><LuaBefore></LuaBefore><LuaAfter></LuaAfter></Ability><Ability><Name>Resto: canceltotems</Name><Default>false</Default><SpellID>0</SpellID><Actions></Actions><Lua>local _, WaterTotem = GetTotemInfo(3)
local _, FireTotem = GetTotemInfo(1)
local _, AirTotem = GetTotemInfo(4)
local _, EarthTotem = GetTotemInfo(2)

if WaterTotem ~=&amp;quot;Mana Tide Totem&amp;quot; and incombat ~=1 and ((FireTotem ~= &amp;quot;&amp;quot;) or  (AirTotem ~= &amp;quot;&amp;quot;) or (EarthTotem ~= &amp;quot;&amp;quot;) or (WaterTotem ~= &amp;quot;&amp;quot;)) then
  RunMacroText(&amp;quot;/console Sound_EnableSFX 0&amp;quot;)
   CastSpellByID(36936)
  RunMacroText(&amp;quot;/console Sound_EnableSFX 1&amp;quot;)
 end</Lua><RecastDelay>0</RecastDelay><Target>Target</Target><CancelChannel>False</CancelChannel><LuaBefore></LuaBefore><LuaAfter></LuaAfter></Ability><Ability><Name>Resto: -- defensive spells</Name><Default>false</Default><SpellID>0</SpellID><Actions></Actions><Lua>rthealth = 95 -- riptide
hwhealth = 95 -- healing wave
ghwhealth = 80 -- greater healing wave
nshealth= 15 -- nature&amp;apos;s swiftness
targethealth = 85 -- chain heal first target
hophealth = 90 --  chain heal secondary targets
hops = 3 -- chain heals jumps, doesn&amp;apos;t count the first target so if set to 3 will heal 4 people

manapercent = 100 * UnitPower(&amp;quot;player&amp;quot;) / UnitPowerMax(&amp;quot;player&amp;quot;)
if targettoheal == nil then targettoheal=&amp;quot;player&amp;quot; end
unithealth = 100 * UnitHealth(targettoheal) / UnitHealthMax(targettoheal)
Spell, _, _, _, _, endTime = UnitCastingInfo(&amp;quot;player&amp;quot;)


local SwG = UnitBuffID(&amp;quot;player&amp;quot;, 79206)
local mf = UnitBuffID(&amp;quot;player&amp;quot;, 98734)
local plucked = UnitDebuffID(&amp;quot;player&amp;quot;, 97318)
if ((SwG ~= nil ) or ( PQR_IsMoving(0.1) == false) or (mf ~= nil ) or (plucked ~= nil )) then
 moving = 0
else 
  moving = 1
end
if endTime == nil then endTime =1 end
group = &amp;quot;party&amp;quot;
members = GetNumPartyMembers()
if GetNumRaidMembers() &amp;gt; 0 then
  group = &amp;quot;raid&amp;quot;
  members = GetNumRaidMembers()
end

if IsShiftKeyDown()
or IsMounted()
or UnitBuffID(&amp;quot;player&amp;quot;,87959)
or UnitIsDeadOrGhost(&amp;quot;player&amp;quot;) 
then return true end</Lua><RecastDelay>0</RecastDelay><Target>Target</Target><CancelChannel>False</CancelChannel><LuaBefore></LuaBefore><LuaAfter></LuaAfter></Ability><Ability><Name>Resto: -- healing spells</Name><Default>false</Default><SpellID>0</SpellID><Actions></Actions><Lua>if UnitIsDead(targettoheal)
or UnitCanCooperate(&amp;quot;player&amp;quot;,targettoheal) == nil
or ((UnitAffectingCombat(targettoheal) ~= 1) and (UnitAffectingCombat(&amp;quot;player&amp;quot;) ~= 1))
then return true end

if IsMouseButtonDown() and GetMouseFocus() ~= nil then
       if GetMouseFocus():GetName() ~= nil then 
          RunMacroText(&amp;quot;/console Sound_EnableSFX 0&amp;quot;)
          RunMacroText(&amp;quot;/click &amp;quot;..GetMouseFocus():GetName()) 
          RunMacroText(&amp;quot;/console Sound_EnableSFX 1&amp;quot;)
          return true
    end
end</Lua><RecastDelay>0</RecastDelay><Target>Target</Target><CancelChannel>False</CancelChannel><LuaBefore></LuaBefore><LuaAfter></LuaAfter></Ability><Ability><Name>Resto: combat checker</Name><Default>false</Default><SpellID>0</SpellID><Actions></Actions><Lua>incombat = 1
incom = UnitAffectingCombat(&amp;quot;player&amp;quot;)
if ooctimer == nil then ooctimer = 0 end
if incom == 1 then ooctimerstarted = 0 end
if incom ~=1 and ooctimerstarted == 0 then
   ooctimer = GetTime()
   ooctimerstarted = 1
 end
 if  (GetTime() - ooctimer &amp;gt; 5) and incom ~= 1 then incombat = 0 end</Lua><RecastDelay>0</RecastDelay><Target>Target</Target><CancelChannel>False</CancelChannel><LuaBefore></LuaBefore><LuaAfter></LuaAfter></Ability><Ability><Name>Resto: set scalefactor</Name><Default>false</Default><SpellID>0</SpellID><Actions></Actions><Lua>function onyaGetPlayerMapPosition(unit)
  local x,y = GetPlayerMapPosition(unit)
  if x &amp;lt;= 0 and y &amp;lt;= 0 then
    SetMapToCurrentZone()
     x,y = GetPlayerMapPosition(unit)
  end
  return x,y
end

function NewScaleFactor(unit1,dist)
local x1,y1 = onyaGetPlayerMapPosition(unit1)
   local x2,y2 = onyaGetPlayerMapPosition(&amp;quot;player&amp;quot;)
   sft = tostring (dist/sqrt(((x1 - x2) * (x1 - x2))  + (((y1 - y2) * 0.6666666666666) ^ 2)))
 --- if sft &amp;lt; sf then return sft else return sf end
   return sft
end

function DistanceBetweenUnits(unit1,unit2)
   local x1,y1 = onyaGetPlayerMapPosition(unit1)
   local x2,y2 = onyaGetPlayerMapPosition(unit2)
   return (sqrt((((x2 - x1)  * sf) ^ 2)  + (((y2 - y1)  * sf / 1.5) ^ 2)))
end

local currentmap = GetMapInfo()
local currentlevel = tostring(GetCurrentMapDungeonLevel()) or &amp;quot;0&amp;quot;
if GetCVar(&amp;quot;scalefactor&amp;quot;) == nil then RegisterCVar(&amp;quot;scalefactor&amp;quot;,&amp;quot;6000&amp;quot;) end
if GetCVar(&amp;quot;scalefactormap&amp;quot;) == nil then RegisterCVar(&amp;quot;scalefactormap&amp;quot;,currentmap)   end
if GetCVar(&amp;quot;scalefactorlevel&amp;quot;) == nil then RegisterCVar(&amp;quot;scalefactorlevel&amp;quot;,currentlevel)   end
if (GetCVar(&amp;quot;scalefactormap&amp;quot;) ~= currentmap) or (GetCVar(&amp;quot;scalefactorlevel&amp;quot;) ~= currentlevel) then
  SetCVar(&amp;quot;scalefactor&amp;quot;,&amp;quot;5000&amp;quot;)
  SetCVar(&amp;quot;scalefactormap&amp;quot;,currentmap)
  SetCVar(&amp;quot;scalefactorlevel&amp;quot;,currentlevel)
end
sf = GetCVar(&amp;quot;scalefactor&amp;quot;)
for mmm = 1, members do
   local checktarget = group..tostring(mmm)
   local range = DistanceBetweenUnits(&amp;quot;player&amp;quot;,checktarget)
   if (range &amp;gt; 28) and (CheckInteractDistance(checktarget,1)) then
     sf =  NewScaleFactor(checktarget,28)
     SetCVar(&amp;quot;scalefactor&amp;quot;,sf)
   end
   if (range &amp;gt; 11.11) and (CheckInteractDistance(checktarget,2)) then
      sf =  NewScaleFactor(checktarget,11.11)
     SetCVar(&amp;quot;scalefactor&amp;quot;,sf)
   end
   if (range &amp;gt; 9.9) and (CheckInteractDistance(checktarget,3)) then
      sf =  NewScaleFactor(checktarget,9.9)
      SetCVar(&amp;quot;scalefactor&amp;quot;,sf)
   end
   if (range &amp;gt; 40) and (UnitInRange(checktarget)) then
      sf =  NewScaleFactor(checktarget,40)
      SetCVar(&amp;quot;scalefactor&amp;quot;,sf)
   end
end</Lua><RecastDelay>0</RecastDelay><Target>Target</Target><CancelChannel>False</CancelChannel><LuaBefore></LuaBefore><LuaAfter></LuaAfter></Ability><Ability><Name>--- pve library</Name><Default>false</Default><SpellID>0</SpellID><Actions></Actions><Lua>function UnitHasCC(cctarget)
   local cc = {
      33786, -- Cyclone
      2637, -- Hibernate
      55041, -- Freezing Trap Effect
      3355, -- Freezing Trap
      1499, -- Freezing Trap
      60192, -- Freezing Trap
      6770, -- Sap
      2094, -- Blind
      5782, -- Fear
      6789, -- Death Coil
      64044, -- Psychic Horror
      6358, -- Seduction
      5484, -- Howl of Terror
      5246, -- Intimidating Shout
      8122, -- Psychic Scream
      118, -- Polymorph (sheep)
      28272, -- Polymorph (pig)
      28271, -- Polymorph(turtle)
      61305, -- Polymorph (black cat)
      61025, -- Polymorph (snake)
      51514, -- Hex
      710, -- Banish
      76780, -- Bind Elemental
      }
 if cctarget ~= nil then
    for k,v in ipairs(cc) do
     local _, _, _, _, _, _,exptime =  UnitDebuffID(cctarget,v) 
     if exptime == nil then exptime = 0 end
     local e = exptime - GetTime()
     if e &amp;gt; 0 then return e end
     end
   end
  return 0
end</Lua><RecastDelay>0</RecastDelay><Target>Custom</Target><CancelChannel>False</CancelChannel><LuaBefore></LuaBefore><LuaAfter></LuaAfter></Ability><Ability><Name>-- onya library</Name><Default>false</Default><SpellID>0</SpellID><Actions></Actions><Lua>function SilentCast(scspell,sctarget)
   RunMacroText(&amp;quot;/console Sound_EnableSFX 0&amp;quot;)
   if sctarget ~= nil then
      CastSpellByID(scspell,sctarget)
   else 
      CastSpellByID(scspell) 
   end
   RunMacroText(&amp;quot;/console Sound_EnableSFX 1&amp;quot;)
   return true
end</Lua><RecastDelay>0</RecastDelay><Target>Target</Target><CancelChannel>False</CancelChannel><LuaBefore></LuaBefore><LuaAfter></LuaAfter></Ability></SHAMAN>