<?xml version="1.0" encoding="utf-8" ?><HUNTER><Rotation><RotationName>BM: PVE</RotationName><RotationDefault>false</RotationDefault><RotationList>Pause|All: Multi-Shot|All: Misdirection|All: Mend Pet|All: Aspect of the Hawk|All: Hunter&amp;apos;s Mark|All: Tranquilizing Shot|All: Kill Shot|All: Serpent Sting|All: Raptor Strike|BM: Fervor|BM: Bestial Wrath|BM: Rapid Fire|BM: Focus Fire|BM: Kill Command|BM: Arcane Shot|BM: Cobra Shot</RotationList><RequireCombat>true</RequireCombat><RotationNotes>BM: Hunter updated for 4.3

Hold Left Alt key to Pause (allows use of traps and other spells)
Hold Left Shift to Bestial Wrath (see note)
Hold Left Shift to Rapid Fire (see note)
Hold Left Control to Multi-Shot and to set Cobra Shot to a higher priority.

Note: holding left shift will cast BW first and not Rapid fire. If BW is on CD and your still holding shift then it will cast Rapid Fire. This is to Save the Longer CD of Rapid Fire until it is needed and still be able to use BW.</RotationNotes></Rotation><Rotation><RotationName>SV: PVE</RotationName><RotationDefault>false</RotationDefault><RotationList>Pause|All: Multi-Shot|All: Misdirection|All: Mend Pet|All: Aspect of the Hawk|All: Hunter&amp;apos;s Mark|Blood Elf: Racial|All: Tranquilizing Shot|All: Serpent Sting|All: Kill Shot|All: Raptor Strike|SV: Rapid Fire|SV: Explosive Shot|SV: Black Arrow|SV: Arcane Shot|SV: Cobra Shot</RotationList><RequireCombat>true</RequireCombat><RotationNotes>Updated for 4.3

Hold Left Alt key to Pause (allows use of traps and other spells)
Hold Left Shift to Rapid Fire
Hold Left Control to Multi-Shot and to set Cobra Shot to a higher priority.

there is a steady shot for lower levels to replace cobra shot.</RotationNotes></Rotation></HUNTER>