<?xml version="1.0" encoding="utf-8" ?><PRIEST><Rotation><RotationName>Boss PvE Rotation</RotationName><RotationDefault>false</RotationDefault><RotationList>Mass Dispel|Dispell MAgic|Arcane Torrent|Inner Fire|Shadowform|Vampiric Embrace|Vampiric Touch (Mouseover)|Vampiric Touch|Vampiric Touch (Focus)|Shadow Word: Pain (Mouseover)|Shadow Word: Pain|Shadow Word: Pain (Focus)|Shadowfiend|Devouring Plague|Mind Blast (Orb - mouseover)|Mind Blast (Orb)|Shadow Word: Death|Shadow Word: Death (Focus)|Archangel|Mind Flay (Mouseover)|Mind Flay</RotationList><RequireCombat>false</RequireCombat><RotationNotes>**Modified from Mentally, fixed where &amp;quot;Mind Blast&amp;quot; will only cast if 3 &amp;quot;Shadow Orbs&amp;quot; are present.

It will automatically apply Inner Fire, Shadowform, Vampiric Embrace if not present (while activated), use Dispersion at 5% mana and Arcane Torrent at 80% mana or bellow for most efficiency.

Careful of Mouseover, will cast DoTs and Mind Flay as well as Death and Mind Blast.

Hold your Right Alt key to cast Mass Dispel.</RotationNotes></Rotation><Rotation><RotationName>Mind Flay + Shadow Word: Pain</RotationName><RotationDefault>false</RotationDefault><RotationList>Shadow Word: Pain (Mouseover)|Mind Flay (Mouseover)</RotationList><RequireCombat>true</RequireCombat><RotationNotes></RotationNotes></Rotation><Rotation><RotationName>NonBoss PvE Rotation</RotationName><RotationDefault>false</RotationDefault><RotationList>Mass Dispel|Arcane Torrent|Inner Fire|Shadowform|Vampiric Embrace|Vampiric Touch|Vampiric Touch (Focus)|Shadow Word: Pain (Mouseover)|Shadow Word: Pain|Shadow Word: Pain (Focus)|Devouring Plague|Mind Blast (Orb)|Mind Blast (Orb - mouseover)|Shadow Word: Death|Shadow Word: Death (Focus)|Mind Flay (Mouseover)|Mind Flay</RotationList><RequireCombat>false</RequireCombat><RotationNotes>**Modified from Mentally, fixed where &amp;quot;Mind Blast&amp;quot; will only cast if 3 &amp;quot;Shadow Orbs&amp;quot; are present.

It will automatically apply Inner Fire, Shadowform, Vampiric Embrace if not present (while activated), use Dispersion at 5% mana and Arcane Torrent at 80% mana or bellow for most efficiency.

Careful of Mouseover, will cast DoTs and Mind Flay as well as Death and Mind Blast.

Hold your Right Alt key to cast Mass Dispel.</RotationNotes></Rotation></PRIEST>